id,domain,status,purchase_price,renewal_price,attractiveness,demand,length,registrar,created_at,expires_at,status_verified_at
3ee9128c-dcd8-4d91-8b86-502874afa690,cheated.digital,available,2.99,41.49,medium,low,7,namesilo,,,
f2d299b8-d75c-4bca-a5f8-14cf6c166cc6,spoilt.digital,available,2.98,53.98,medium,low,6,namecheap,,,10/08/2026 14:19
c57468fd-ea20-4a76-87c4-0b1755c16880,baric.digital,available,2.98,53.98,low,low,5,namecheap,,,08/08/2026 19:31
3048a8b5-9310-45c4-aff6-2bd876b25c42,washup.digital,available,3.49,41.49,medium,low,6,namesilo,,,24/09/2026 22:42
35cf3160-80e7-47ff-86d5-934895ef9687,traps.digital,available,3.49,41.49,high,low,5,namesilo,,,20/09/2026 04:06
b69c88d3-8bb8-40f8-a3ea-9ed5d541aa78,mandaean.digital,available,2.98,53.98,medium,low,8,namecheap,,,24/08/2026 14:38
92df793f-f875-4cc8-8b3b-ff57245394d5,dismal.digital,available,2.98,53.98,medium,low,6,namecheap,,,14/08/2026 11:38
1193a8e1-8e41-4783-a62d-c8d3b85fcdbc,firsthand.digital,available,2.98,53.98,high,low,9,namecheap,,,18/08/2026 05:27
5af4003c-d171-4191-bf6b-98df0c5b17a4,miracle.digital,resell,,,high,low,7,Netregistry Wholesale Pty Ltd,15/09/2024 17:00,15/09/2026 17:00,
71b90c2a-a284-4029-905e-0553d806d738,prenatal.digital,resell,,,high,low,8,"Sav.com, LLC",09/09/2025 20:06,09/09/2027 20:06,22/09/2026 05:55
a9f3b8bd-91c5-4179-8236-1c973eba878d,solicitous.digital,available,2.98,53.98,medium,low,10,namecheap,,,10/09/2026 13:39
d906196b-fb43-4c63-9a27-645ef27aa3ac,accused.digital,available,2.99,41.49,high,low,7,namesilo,,,
eb5eb00a-49b1-4bb6-a099-4753519cd4fd,assonance.digital,available,3.49,41.49,medium,low,9,namesilo,,,20/09/2026 16:32
ea74be2b-bde0-4e1f-8b02-04465e3ab1b1,nazimova.digital,available,3.49,41.49,medium,low,8,namesilo,,,18/09/2026 09:38
024586c8-6643-49e8-85bd-713c230c7066,fastgrowing.digital,available,2.99,41.49,high,low,12,namesilo,,,
04460914-a10a-424a-90b4-f30b1f62ef02,exhausting.digital,available,2.98,53.98,medium,low,10,namecheap,,,14/08/2026 18:21
dc6b623d-1c11-464e-82be-5a2d3ef6f225,martian.digital,resell,,,high,low,7,"Sav.com, LLC - 20",13/09/2025 17:00,13/09/2027 17:00,25/09/2026 11:54
3f2fb930-b544-4854-92d1-370d92f9b6cb,pectoral.digital,available,2.98,53.98,medium,low,8,namecheap,,,08/09/2026 11:58
260b3f76-44a7-4ac1-90ea-5090f4760356,acrosome.digital,available,3.49,41.49,medium,low,8,namesilo,,,17/09/2026 03:58
c8722146-94f4-422c-a392-e1ecc884311c,formic.digital,available,2.98,53.98,medium,low,6,namecheap,,,18/08/2026 12:11
87ad8619-be3c-4a0c-98b8-d8a2fa71de4b,fizzle.digital,available,2.98,53.98,medium,low,6,namecheap,,,11/08/2026 11:19
f28b59e0-c569-490e-a36b-787d229d7696,ineptitude.digital,available,3.49,41.49,medium,low,10,namesilo,,,21/09/2026 10:06
bb68644c-f7c3-4f91-adf5-36199d9fd5f1,neutered.digital,available,2.98,53.98,medium,low,8,namecheap,,,03/09/2026 16:35
9c17d826-2bee-4a4b-94ae-a87a0e387367,exportable.digital,available,2.98,53.98,high,low,10,namecheap,,,17/08/2026 18:35
3a2dd4ac-d2c1-4004-9205-6c316f9a98f1,maidenly.digital,available,2.98,53.98,medium,low,8,namecheap,,,24/08/2026 13:14
080d980c-9324-448f-84e0-dd1fc860bcab,blithely.digital,available,2.98,53.98,medium,low,8,namecheap,,,14/09/2026 00:31
47238e9e-819d-4b86-81cd-6efa9556040d,graphical.digital,available,2.98,53.98,high,low,9,namecheap,,,20/08/2026 18:11
2a31e047-aef8-4606-b640-5b07224d7fd2,celtic.digital,resell,,,high,low,6,"Sav.com, LLC - 44",20/02/2026 15:15,20/02/2027 15:15,11/08/2026 23:38
3b23cffa-e445-487e-86f1-c74d4cd9ecfa,mahoe.digital,available,3.49,41.49,medium,low,5,namesilo,,,21/09/2026 21:57
ba2ee874-cf47-4aba-aedf-819a83cf3595,afraid.digital,available,3.49,41.49,high,low,6,namesilo,,,26/09/2026 00:46
51b7ea65-f7ca-47ec-b1d4-e5d53886d8b3,resulted.digital,available,3.49,41.49,medium,low,8,namesilo,,,19/09/2026 00:26
232b698a-4636-4474-b185-f1eb4183b659,yearly.digital,available,2.99,,high,low,6,name.com,,,
d23330ca-f181-4c7c-9573-1eef8f22127f,allegro.digital,resell,,,high,low,7,Dynadot Inc,15/09/2026 17:00,15/09/2027 17:00,26/09/2026 03:47
cf7c3a41-a2e6-4015-8922-c0d84c8bbe35,zarqa.digital,available,3.49,41.49,medium,low,5,namesilo,,,21/09/2026 10:58
2f0890c7-fca4-411b-9889-66db62effaa1,isothermic.digital,available,2.98,53.98,medium,low,10,namecheap,,,22/08/2026 11:24
545e0202-402c-412e-bbd3-85d932391e94,member.digital,available,,,high,low,6,,,,
54e3fb79-ca4c-4102-949e-f8dc8110dbf1,mucous.digital,available,2.98,53.98,medium,low,6,namecheap,,,03/09/2026 10:14
a6a25e38-a704-443e-a81e-683bed56dc79,auriga.digital,available,3.49,41.49,medium,low,6,namesilo,,,21/09/2026 04:24
6616f658-fded-401b-b80c-fe3131f7e656,toned.digital,available,2.98,53.98,high,low,5,namecheap,,,11/09/2026 17:02
80ad3c48-6796-4c13-83f3-b4123a0bc1a5,nuclear.digital,resell,,,high,low,7,"GoDaddy.com, LLC",30/08/2024 17:00,30/08/2027 17:00,25/09/2026 23:22
8e9cc966-ef46-4354-a4b8-16cc4c4fce0d,saddle.digital,available,2.99,,high,low,6,name.com,,,
93e4adcf-d646-49d6-8ff2-06d56f42d0d2,noticed.digital,available,3.49,41.49,high,low,7,namesilo,,,25/09/2026 23:16
d01a2fe8-9a70-4ed4-ba83-1e3df197e60b,acrodont.digital,available,3.49,41.49,medium,low,8,namesilo,,,17/09/2026 03:41
12027533-0332-4b95-8592-e4103c78d2bc,speedup.digital,resell,,,high,low,8,TuringSign Inc. d/b/a Cosmotown,05/01/2026 21:14,05/01/2027 21:14,
655c2c1b-3be5-47d3-9328-0328bf33864e,ask.digital,resell,,,high,medium,3,"Name.com, Inc.",03/03/2017 14:31,03/03/2027 14:31,26/09/2026 04:04
8d010b69-07fc-433e-b8c1-63b59b32f28c,scream.digital,resell,,,high,low,6,"Sav.com, LLC",19/08/2025 18:51,19/08/2027 18:51,21/09/2026 03:14
8686a915-1de6-4c17-8b3e-73977200e860,clausal.digital,available,2.98,53.98,medium,low,7,namecheap,,,12/08/2026 10:00
472323af-9703-4fc0-b99c-6b2eb78a86bc,toller.digital,available,3.49,41.49,medium,low,6,namesilo,,,23/09/2026 05:41
d169e0c9-ec4e-4a85-92c3-afd7a4c810ca,rarefy.digital,available,2.98,53.98,medium,low,6,namecheap,,,07/08/2026 15:31
c3ac406c-9503-4a3f-b4bb-9e166d15b5a8,recruited.digital,available,3.49,41.49,medium,low,9,namesilo,,,18/09/2026 00:53
aab17fb0-120a-4cea-99e1-bac1898f5204,draws.digital,available,2.48,53.98,high,low,5,namecheap,,,
cea8448a-e4ac-4f06-9a11-4c5336435342,scarred.digital,available,3.49,41.49,medium,low,7,namesilo,,,25/09/2026 17:02
e05f7fcb-b58f-45e7-8592-0880ed6d00ba,pellagra.digital,available,3.49,41.49,medium,low,8,namesilo,,,18/09/2026 13:55
6ddc0e71-ce89-4412-8948-a587d96432ad,battlement.digital,available,3.49,41.49,medium,low,10,namesilo,,,22/09/2026 16:28
4068fe35-bcff-4591-9cc3-5c651af14b0f,beholder.digital,available,2.98,53.98,high,low,8,namecheap,,,08/09/2026 16:20
c5dd794d-6e38-4fc1-807a-e258e6b1abad,vendors.digital,available,3.49,41.49,high,low,7,namesilo,,,20/09/2026 22:00
aae6dff2-2a7a-411a-b8b2-df2bea7a57d8,pretence.digital,available,2.98,53.98,high,low,8,namecheap,,,25/09/2026 16:31
b65c8cda-b7a7-40fe-b9ab-5f40103339dd,gargantuan.digital,available,2.98,53.98,medium,low,10,namecheap,,,16/08/2026 03:33
e4f7d6f2-be93-46bf-b2a4-03021bf23159,marquette.digital,available,3.49,41.49,high,low,9,namesilo,,,25/09/2026 07:53
16c50125-7f4c-48e3-8171-809d067e53f3,lxxvii.digital,available,2.98,53.98,medium,low,6,namecheap,,,
b2f53b35-8bcf-4d9d-addb-fba974145cda,halab.digital,available,3.49,41.49,medium,low,5,namesilo,,,18/09/2026 05:12
1504ea2f-9a85-4e1f-bb9a-391da8a8e788,confines.digital,available,2.98,53.98,high,low,8,namecheap,,,24/09/2026 17:13
19efa616-a0a4-40d7-83b6-0b2b7b276878,clot.digital,available,2.98,53.98,medium,low,4,namecheap,,,12/08/2026 13:36
0494c68e-d581-4e61-9456-f1e587c82d4d,occidental.digital,available,2.98,53.98,medium,low,10,namecheap,,,21/08/2026 07:25
edf977bc-5fb0-4568-8e1f-55f48ac4e741,unabridged.digital,available,2.98,53.98,medium,low,10,namecheap,,,11/09/2026 23:28
604fc785-0c5e-4611-9469-d7a88e032fb7,bauer.digital,resell,,,high,low,5,,,,25/09/2026 13:07
c28592ac-bf1e-44c6-9307-bf5c80118ba1,willingly.digital,available,3.49,41.49,high,low,9,namesilo,,,16/09/2026 11:08
6360ad7f-bf9e-4562-afb7-bdabea8b6ecb,wear.digital,resell,,,high,low,4,"Spaceship, Inc.",29/10/2024 15:15,29/10/2026 15:15,
5fbc93a9-0a66-4d12-bf64-e4c551469545,filar.digital,available,2.98,53.98,medium,low,5,namecheap,,,18/08/2026 04:10
63d29299-8766-4b06-a3d3-5a595fb3a8ce,inimical.digital,available,2.98,53.98,medium,low,8,namecheap,,,22/08/2026 05:20
7803bfb8-3abd-4a2d-91ea-8c1c21b9fd96,arsenic.digital,available,2.98,53.98,medium,low,7,namecheap,,,13/09/2026 21:07
3aebc1ee-69e8-4b40-9194-b937f71b7f11,dorsal.digital,available,2.98,53.98,high,low,6,namecheap,,,
c3ca850a-0619-4e91-ab8e-6d39ed58be1c,sealed.digital,available,2.99,,high,low,6,name.com,,,
4c6252e5-0443-42fb-88a2-2a28e3a96819,gives.digital,premium,242,242,medium,low,5,namesilo,,,18/09/2026 13:54
8df1eb68-466b-472f-9820-7a43d10472a7,ministrant.digital,available,2.98,53.98,medium,low,10,namecheap,,,24/08/2026 23:57
fdfb15df-65e2-446e-926a-bc233caf4536,contempt.digital,available,2.99,41.49,medium,low,8,namesilo,,,
3c04b112-1b1c-44ff-8743-480c0adf9452,streetfighter.digital,available,,,medium,low,14,,,,
0fec7be1-b38c-43aa-9084-88454aa79658,ragee.digital,available,3.49,41.49,medium,low,5,namesilo,,,17/09/2026 15:18
dac4e695-aeaa-4e0a-a8f9-672c8a2175c8,crypt.digital,resell,,,high,low,5,,,,24/09/2026 19:58
8c45dd9c-c895-4efa-acdb-bfdb392c9407,unlogical.digital,available,2.98,53.98,low,low,9,namecheap,,,21/08/2026 20:07
6952c8df-c584-46a6-b51a-5c60b89471ce,babe.digital,premium,69.3,138.6,high,low,4,namecheap,,,
d86d27f7-42d3-46ea-bbee-e55f2144bde9,industrialize.digital,available,2.99,,high,low,13,name.com,,,
3b991c06-4281-4433-9981-ee07a9ff62f9,excitement.digital,available,3.49,41.49,high,low,10,namesilo,,,25/09/2026 05:50
281925ed-40ad-47fe-a602-2294247fab25,adiabatic.digital,available,2.98,53.98,medium,low,9,namecheap,,,
5c31daac-98d4-4c58-a295-adf7ba96984c,booze.digital,resell,,,high,low,5,,,,24/09/2026 07:21
d3f5640c-36d4-4435-9c1a-fa2dc5be38b9,slyness.digital,available,2.98,53.98,medium,low,7,namecheap,,,13/08/2026 10:43
23bedb2d-9c85-4ca1-acf7-77268e0cd42b,impede.digital,available,2.98,53.98,medium,low,6,namecheap,,,21/08/2026 09:28
42eb69d7-37a1-483b-b7f0-207841352990,soddy.digital,available,3.49,41.49,medium,low,5,namesilo,,,17/09/2026 09:26
6dd70a37-1546-4376-a346-925e6be71e77,validated.digital,available,2.98,53.98,high,low,9,namecheap,,,13/09/2026 00:59
82ada3a8-f79b-4497-8967-040e54cd5c66,zombies.digital,available,2.98,53.98,medium,low,7,namecheap,,,18/09/2026 03:58
73a6544f-3d44-44d8-97f3-adaeabb63fcd,belongings.digital,available,3.49,41.49,high,low,10,namesilo,,,23/09/2026 06:56
cc63a76b-dd51-498c-b16a-8369af6a8052,satisfy.digital,available,2.99,,high,low,7,name.com,,,
72357588-50af-4d65-b2b6-a77a6b842f4b,carved.digital,available,2.98,53.98,high,low,6,namecheap,,,11/08/2026 19:57
8ba6337c-7ca6-40de-9bff-885715466f8a,algerian.digital,available,2.98,53.98,high,low,8,namecheap,,,
6a23692d-509a-48fa-b4c9-795b24ebcea2,how.digital,resell,,,high,low,3,Dynadot Inc,08/04/2026 17:00,08/04/2027 17:00,25/09/2026 10:57
8832d4e7-0977-42aa-a472-92201aef039a,combinations.digital,available,2.98,53.98,medium,low,12,namecheap,,,17/09/2026 17:12
5fa2dd5d-c05e-47f9-9644-50d09f219c35,overage.digital,available,2.98,53.98,high,low,7,namecheap,,,04/09/2026 19:59
227d2efb-e97d-46ec-9d1c-1f920e551691,assuring.digital,available,2.98,53.98,medium,low,8,namecheap,,,07/08/2026 08:31
af7b1df4-d593-4394-ae9c-66a3a77d4f98,chased.digital,available,2.99,41.49,high,low,6,namesilo,,,
2fbf39b0-1236-4902-8e70-a58e79492180,jewish.digital,premium,42.9,85.8,high,low,6,namecheap,,,25/09/2026 11:48
f0236ce0-6643-4f63-8a81-5f54b5ee0fcf,baronage.digital,available,3.49,41.49,medium,low,8,namesilo,,,22/09/2026 07:18
04c4b05e-1760-4ad1-acbe-b728fd47e0d7,compromise.digital,available,2.98,53.98,high,low,10,namecheap,,,24/09/2026 16:54
d8a6f804-a525-4637-affb-46961461d8e7,coolly.digital,available,2.99,41.49,medium,low,6,namesilo,,,
041175c7-22c5-4172-a3da-729661756699,changed.digital,available,2.98,53.98,high,low,7,namecheap,,,12/08/2026 01:53
ccd05d45-02ea-40c7-b880-ed24745f3d73,triple.digital,resell,,,high,low,6,"Global Domains International, Inc. DBA DomainCostClub.com",16/09/2025 15:15,16/09/2026 15:15,
28e16c92-b83a-487f-b3c9-528513624ddd,anuran.digital,available,2.98,53.98,medium,low,6,namecheap,,,05/08/2026 20:48
f4512cc8-5d79-4163-83ea-5a63e07de296,lateen.digital,available,2.98,53.98,medium,low,6,namecheap,,,22/08/2026 20:29
6889667f-0f7b-483b-93b1-8b2dff9c7e78,sleeping.digital,available,2.99,,high,low,8,name.com,,,
3d1cbb7f-3f84-4f3d-ba95-6fa44a8fbfa1,shoveler.digital,available,3.49,41.49,medium,low,8,namesilo,,,19/09/2026 02:54
39570be4-ff71-4c71-9683-ee7d1aa47f8b,attrition.digital,available,3.49,41.49,high,low,9,namesilo,,,21/09/2026 02:20
6b10cd55-0b2c-47bc-9da5-0a759a054594,machinist.digital,available,2.98,53.98,high,low,9,namecheap,,,19/09/2026 17:14
070ec077-dfb0-45bb-9932-77e24ce1586f,copular.digital,available,2.98,53.98,medium,low,7,namecheap,,,13/08/2026 00:38
00e31e20-6568-4468-b9ff-d19002fe0983,earful.digital,available,2.98,53.98,medium,low,6,namecheap,,,22/09/2026 17:11
0294a621-bc91-4c18-8e39-805a34b55394,arguably.digital,available,2.98,53.98,medium,low,8,namecheap,,,13/09/2026 20:45
4ae7c9a2-473d-4fa0-a942-0d4c8267a8b7,raining.digital,available,2.98,53.98,high,low,7,namecheap,,,19/09/2026 11:06
130e0297-979a-4d3d-af49-cb08234ad573,grasping.digital,available,2.98,53.98,medium,low,8,namecheap,,,07/08/2026 22:04
73b38ad1-b6c0-4d7a-9207-2c21794ef58c,shortly.digital,available,2.99,,high,low,7,name.com,,,
c8743edc-335b-4617-813b-190bea886e82,hazard.digital,available,2.99,,medium,low,6,name.com,,,
ab3fb33b-3da2-4584-8dd6-ec28b118de5b,bedpost.digital,available,2.98,53.98,high,low,7,namecheap,,,22/09/2026 23:29
71d16291-1871-4fa6-8cca-a0d1ac195d4f,slept.digital,available,2.99,,medium,low,5,name.com,,,
75b80da6-9825-4ecf-8dc3-6ea08fb30280,hoops.digital,resell,,,high,low,5,Dynadot Inc,26/01/2026 17:00,26/01/2027 17:00,
7f4b7df0-b1a8-4ff1-b1b9-c801aff49536,supernal.digital,available,2.98,53.98,medium,low,8,namecheap,,,11/09/2026 02:23
75be5911-4239-45fc-96d8-26634ec6bee1,minuscule.digital,available,3.49,41.49,high,low,9,namesilo,,,25/09/2026 15:24
c581ba05-aa8b-41df-be58-c8fd542f6f35,piffle.digital,available,2.98,53.98,medium,low,6,namecheap,,,21/09/2026 21:41
626ae7a6-3e58-4748-8adf-4b29a0ef200f,beatniks.digital,available,2.98,53.98,medium,low,8,namecheap,,,22/09/2026 21:34
c3212319-0ab1-44ea-ab61-896967f0a1b8,vitreous.digital,available,2.98,53.98,medium,low,8,namecheap,,,13/09/2026 06:18
b27d9194-2c84-4858-a438-11dc3c096a7e,toured.digital,available,3.49,41.49,medium,low,6,namesilo,,,20/09/2026 05:39
0c90a3b6-6ab0-4804-af78-4a43657f280a,impeccably.digital,available,2.98,53.98,medium,low,10,namecheap,,,15/09/2026 02:11
16343b0c-900d-420d-8ce1-c1bc3bb9684d,amaterasu.digital,available,3.49,41.49,medium,low,9,namesilo,,,18/09/2026 16:05
1f2099d4-21af-4ab7-8743-9c48f4125fb4,boycott.digital,available,3.49,41.49,medium,low,7,namesilo,,,24/09/2026 07:48
703f0418-987c-4da9-82eb-9b7b4e78f408,restrain.digital,available,2.99,,medium,low,8,name.com,,,
01be18cb-19a6-4c93-80fc-e54b319d7fb6,mechanic.digital,resell,,,high,low,8,"Sav.com, LLC - 9",20/04/2026 15:15,20/04/2027 15:15,25/09/2026 18:40
ca14465e-2185-4529-9dd6-fe8bcf94097b,allegation.digital,available,3.49,41.49,high,low,10,namesilo,,,18/09/2026 10:09
98026779-6da0-4476-93c4-04ea6d2cf364,alsatian.digital,available,2.98,53.98,medium,low,8,namecheap,,,
1a794642-da22-4b53-8720-5cc587854c60,anodic.digital,available,2.98,53.98,high,low,6,namecheap,,,
3cbe5cfd-1ee4-4612-8618-0f76e91ec6a3,japan.digital,available,,,high,high,5,,,,
ec0ac35e-c295-46c0-9bfe-fe38c9fea55c,sayonara.digital,available,2.98,53.98,high,low,8,namecheap,,,17/09/2026 08:15
87e5f59b-a2f2-4615-af1e-999ff397e285,blackmailing.digital,available,2.99,41.49,medium,low,12,namesilo,,,
625bf62c-99dc-46ae-969b-e5445f414471,clothed.digital,available,2.98,53.98,high,low,7,namecheap,,,12/08/2026 09:12
ebe42192-b252-4dc5-ae3c-a2e3b93e5daa,palatable.digital,available,2.98,53.98,high,low,9,namecheap,,,04/09/2026 23:15
9c347684-7c52-41c0-ae20-499d8e9ab84c,flaccid.digital,available,2.98,53.98,medium,low,7,namecheap,,,18/08/2026 06:07
a2056119-a9bc-491b-8aa6-258de1c0c0d1,prowlers.digital,available,2.98,53.98,low,low,8,namecheap,,,20/09/2026 12:42
dfaa24c9-8b4b-4a8f-b53f-4ef3ca33a728,flavourful.digital,available,2.98,53.98,medium,low,10,namecheap,,,18/08/2026 07:06
1ff96172-ba56-4318-bdfe-954f998a2ad2,gumbo.digital,available,3.49,41.49,high,low,5,namesilo,,,16/09/2026 15:04
20021914-e97d-49a7-bf16-d675be3bc556,buttocks.digital,available,2.98,53.98,medium,low,8,namecheap,,,09/08/2026 10:25
378351c2-31d5-4226-96e6-a41ddc98f606,strain.digital,available,2.99,,medium,low,6,name.com,,,
574f277e-24eb-40c4-8920-909a20876d98,borodin.digital,available,3.49,41.49,high,low,7,namesilo,,,18/09/2026 05:02
60286205-a489-4fd3-983b-d99051359c8f,zambian.digital,premium,42.9,85.8,high,low,7,namecheap,,,13/09/2026 15:05
3681b697-001f-410e-bd30-d5d327c95aba,clustered.digital,available,2.98,53.98,high,low,9,namecheap,,,
50cd6d3f-ab09-45b7-8d57-1ccf404f1bdc,diazo.digital,available,2.98,53.98,medium,low,5,namecheap,,,14/08/2026 06:23
12902e0c-33be-4049-9e2a-848908893005,dicker.digital,available,3.49,41.49,high,low,6,namesilo,,,22/09/2026 05:30
3ef42306-56d1-4836-bef4-e08b01c82505,scrimpy.digital,available,2.98,53.98,low,low,7,namecheap,,,24/08/2026 18:10
9e551173-3755-4b23-9783-06a19e4708a5,eagerly.digital,available,2.98,53.98,high,low,7,namecheap,,,14/09/2026 14:54
b6def806-d551-4f36-8bbf-bbc9e4bfc5bc,jane.digital,resell,,,high,low,4,,,,25/09/2026 11:44
a0177044-3f9d-415e-9342-4d6055a5b5a8,marijuana.digital,premium,46.2,92.4,high,low,9,namecheap,,,
bd146b2c-54c2-4309-84ab-adbfe267f4dc,corvine.digital,available,2.98,53.98,medium,low,7,namecheap,,,13/08/2026 02:37
6d372b9a-c0f9-4c60-92ef-b9f43dcc90ae,agitated.digital,available,2.98,53.98,high,low,8,namecheap,,,
6782b31a-357f-45b8-810d-f5d92d9c5c8c,enwrapped.digital,available,2.98,53.98,medium,low,9,namecheap,,,
963ea2f1-7216-431c-a1c2-1ff4b913d061,wore.digital,available,2.99,,medium,low,4,name.com,,,
210d825f-b2dd-4bbd-9bae-2ec1e0ebd3b7,gipsy.digital,available,2.98,53.98,high,low,5,namecheap,,,10/08/2026 17:23
7f836b11-36d9-41ad-8e06-aa72930b0aa8,pictorials.digital,available,2.98,53.98,medium,low,10,namecheap,,,20/09/2026 12:53
9c3fec06-9dd7-402b-ba38-f8b84ccd1957,humbug.digital,available,3.49,41.49,medium,low,6,namesilo,,,21/09/2026 23:48
704d6dad-8a36-4ad9-905e-9880921cabba,annelid.digital,available,2.98,53.98,medium,low,7,namecheap,,,
4ba23c58-4489-4af6-9a6a-47f8d3cd6aaa,apartments.digital,premium,130,260,medium,low,10,namecheap,,,19/09/2026 20:12
47ba55e0-64b4-4b02-a187-3a50e87060df,neoplastic.digital,available,2.98,53.98,medium,low,10,namecheap,,,03/09/2026 15:29
aa3e05f7-a09a-4603-a6dc-9253b5a1be2f,quizzical.digital,available,2.98,53.98,medium,low,9,namecheap,,,09/09/2026 08:39
9964f81a-39ae-407f-89e1-91632ba06352,darkened.digital,available,3.99,54.99,medium,low,8,name.com,,,13/08/2026 18:08
319533eb-4dad-4ebb-9370-f8eb2407a260,finical.digital,available,2.98,53.98,medium,low,7,namecheap,,,18/08/2026 04:56
65ed4805-14d7-47d7-888c-fa9a51c93dbf,enmeshed.digital,available,2.98,53.98,medium,low,8,namecheap,,,17/08/2026 09:39
df6107f4-579c-4ad8-8104-8db911b23e49,amative.digital,available,2.98,53.98,medium,low,7,namecheap,,,
b7897a25-05c2-48c0-80bf-758568ab03fe,sociably.digital,available,2.98,53.98,medium,low,8,namecheap,,,14/09/2026 22:21
3a23e38c-e2d7-4a7f-b85d-df1bf33872e7,whats.digital,resell,,,medium,low,5,"Sav.com, LLC - 4",30/11/2025 15:15,30/11/2026 15:15,20/09/2026 02:25
ecc3dd46-3af0-41d4-a471-1c2a3b907b5e,unfettered.digital,available,2.98,53.98,medium,low,10,namecheap,,,12/09/2026 04:56
915af766-93ac-4b42-8013-7977957639f4,arjuna.digital,available,2.98,53.98,high,low,6,namecheap,,,20/09/2026 06:08
41b737df-11f0-43e8-90a4-205e77472961,chemical.digital,premium,64.35,128.7,high,low,8,namecheap,,,08/09/2026 15:30
3db327b3-c526-4c34-9674-de5ca5bc0555,dday.digital,available,3.49,41.49,high,low,5,namesilo,,,16/09/2026 12:39
eadb7a54-6024-49bc-b137-a13d517ac283,gloaming.digital,available,2.98,53.98,medium,low,8,namecheap,,,11/09/2026 21:41
acf5918b-c318-4761-891f-5ab7f887e32d,benevolent.digital,available,2.98,53.98,high,low,10,namecheap,,,09/08/2026 14:27
52157e98-c35c-4107-8b3a-5aa12e4709ff,tactically.digital,available,3.49,41.49,medium,low,10,namesilo,,,16/09/2026 07:46
0bef2f1a-1caa-49fa-a5e7-3c27ca822cf0,automatic.digital,resell,,,high,low,9,"Global Domains International, Inc. DBA DomainCostClub.com",21/02/2026 15:15,21/02/2027 15:15,26/09/2026 04:09
f3d37d3a-bbed-47e2-b75c-9734b2e865f9,paraguayan.digital,premium,42.9,85.8,medium,low,10,namecheap,,,08/09/2026 00:55
16bf2dc8-0627-4e42-91a0-0d6bc9d84e3c,wriggly.digital,available,2.98,53.98,medium,low,7,namecheap,,,13/09/2026 13:43
3775e772-cf2a-47ff-bc0b-9287d797c2e7,choices.digital,available,3.49,41.49,high,low,7,namesilo,,,17/09/2026 06:36
c73b26f8-45b1-467a-9da6-eda7bf8c0d5d,ideational.digital,available,2.98,53.98,medium,low,10,namecheap,,,12/08/2026 19:59
d6001194-5091-4fac-a4b0-30b6faba609a,dances.digital,available,2.99,41.49,high,low,6,namesilo,,,
ff2c5c08-c8df-4112-bec7-6b48be92cd64,rejoicing.digital,available,2.98,53.98,high,low,9,namecheap,,,17/08/2026 19:50
ef391b75-a56d-437b-847e-65cb205efdcf,similarly.digital,available,2.99,,medium,low,9,name.com,,,
5c47228b-75c4-466d-8056-eba339da438f,intrepidly.digital,available,2.98,53.98,medium,low,10,namecheap,,,14/09/2026 10:53
fcc52490-69cf-47ee-8d3e-7dc02ed0b65f,abridged.digital,available,2.98,53.98,high,low,8,namecheap,,,
f67c2d8e-1445-4543-9b7e-a0bcfc698051,bavaria.digital,resell,,,high,low,7,,,,22/09/2026 16:42
710155ad-5126-4774-ad1a-3c3c0a334c41,vibratory.digital,available,2.98,53.98,medium,low,9,namecheap,,,13/09/2026 05:09
bc6fed57-7a18-4ae4-8660-64a6da426de7,lugubrious.digital,available,2.98,53.98,medium,low,10,namecheap,,,24/08/2026 11:04
092d20c2-c1d9-470f-9e21-86b83ec209b8,bedcover.digital,available,3.49,41.49,high,low,8,namesilo,,,22/09/2026 22:53
032735c2-57d0-4158-b26f-81c8c272e2dd,breathless.digital,available,2.98,53.98,high,low,10,namecheap,,,11/08/2026 03:23
8ae91d1f-e6fe-4291-87f4-4638f625f37c,relation.digital,available,2.99,,high,low,8,name.com,,,
b2b7395d-a9dd-4257-a1cc-5403fe0f55b1,ssw.digital,premium,78.54,78.54,high,low,3,namesilo,,,16/09/2026 05:21
5881871d-28aa-490d-8088-97ecafa52bc7,amentia.digital,available,2.98,53.98,medium,low,7,namecheap,,,18/09/2026 19:00
c6da83c5-853f-4db1-8b46-3850590a8dfe,things.digital,premium,560,1120,high,low,6,namecheap,,,
742a2270-9875-4dea-87c2-afd5d844d5ad,akhbari.digital,available,3.49,41.49,high,low,7,namesilo,,,17/09/2026 23:56
008378ce-d894-4707-8342-dae333bab40c,cynical.digital,available,3.99,54.99,medium,low,7,name.com,,,13/08/2026 13:59
43cc2a68-6156-4a2e-a934-55f80ef875da,bakshish.digital,available,3.49,41.49,medium,low,8,namesilo,,,21/09/2026 15:53
e84498c8-2cf5-47c0-bfce-545d1b65c378,cultural.digital,resell,,,high,low,8,"Sav.com, LLC - 14",28/04/2026 15:15,28/04/2027 15:15,13/08/2026 10:15
083e9873-8c3c-4d4f-b7eb-7a7eac83d1c9,committees.digital,available,3.49,41.49,medium,low,10,namesilo,,,20/09/2026 09:05
39193e7b-dcbe-4c22-8687-a424a050a392,slick.digital,resell,,,high,low,5,"Sav.com, LLC - 31",24/08/2026 15:15,24/08/2027 15:15,24/09/2026 02:25
22f6b7d6-bc28-41d8-9e73-d831a24b37db,immoderate.digital,available,2.98,53.98,medium,low,10,namecheap,,,21/08/2026 21:07
7d4498e1-a246-487f-a3c7-5e4aaf356039,bigness.digital,available,3.49,41.49,high,low,7,namesilo,,,23/09/2026 15:14
d50d1fe6-cea5-4830-8d94-23c484632f6a,fictional.digital,available,2.98,53.98,high,low,9,namecheap,,,17/08/2026 20:18
d28e7b1a-f100-4413-b646-8a465960ccd1,constraints.digital,available,3.49,41.49,low,low,11,namesilo,,,20/09/2026 23:49
9712b7b5-6395-4bac-a45a-c9dedbefebcc,fruitfully.digital,available,2.98,53.98,high,low,10,namecheap,,,14/09/2026 20:27
011ea590-43d8-4dbd-a833-74909f30e3b5,trichrome.digital,available,2.98,53.98,medium,low,9,namecheap,,,11/09/2026 19:24
3bebbff2-e271-46d6-bb79-d8012a763219,treasury.digital,resell,,,high,low,8,,,,24/09/2026 21:57
d8f40716-6222-4b8a-9a7d-326f86f9b601,baldric.digital,available,2.98,53.98,medium,low,7,namecheap,,,21/09/2026 21:45
b8285f08-68aa-45b1-8734-2bd02f53758d,bjs.digital,premium,78.54,78.54,high,low,3,namesilo,,,23/09/2026 23:25
ea43d43f-de07-4a32-962a-33f541b1ec33,nocent.digital,available,2.98,53.98,medium,low,6,namecheap,,,03/09/2026 18:02
84c97f69-8b36-40ae-befd-57dd1cd423a0,anyplace.digital,available,2.98,53.98,medium,low,8,namecheap,,,13/09/2026 20:15
929f2a4c-5364-4350-a834-61ecf102c170,dogwalking.digital,available,2.98,53.98,high,low,10,namecheap,,,18/09/2026 19:10
18d548db-1d4d-4f33-95d9-e5591f863707,barong.digital,available,3.49,41.49,medium,low,6,namesilo,,,22/09/2026 07:38
18751a9e-5b31-4527-9ce3-7af6c16264be,nucleated.digital,available,2.98,53.98,medium,low,9,namecheap,,,03/09/2026 22:22
c76f4a72-887f-4847-8f26-589cdb042eba,motel.digital,resell,,,high,low,5,,,,25/09/2026 09:27
e81e72e9-37c9-4091-84ce-31ee5a28ebb0,biogenesis.digital,available,3.99,54.99,high,low,10,name.com,,,23/09/2026 18:02
89a4bedd-9c40-4be6-8d39-b0a7875bfa6f,balefire.digital,available,3.49,41.49,medium,low,8,namesilo,,,21/09/2026 21:52
8058f69c-b969-43f4-9ec9-6ec7a22d6c3b,storyteller.digital,resell,,,high,low,11,"Sav.com, LLC - 24",27/01/2026 15:16,27/01/2027 15:16,
59f142e1-7c47-4d84-b20d-e840547d6b3a,showed.digital,available,2.99,,medium,low,6,name.com,,,
4aca23d4-0cc0-4557-a1d8-cdb58e83e1cb,swim.digital,resell,,,high,low,4,"Sav.com, LLC - 44",14/11/2025 15:15,14/11/2026 15:15,
03f99577-342f-4396-b0aa-8e66598d7eb8,twopenny.digital,available,2.98,53.98,high,low,8,namecheap,,,10/09/2026 09:10
17873962-cd75-4466-92d3-30f264329762,plutonian.digital,available,2.98,53.98,medium,low,9,namecheap,,,20/08/2026 21:34
0bfd5398-0b5a-4306-918f-fb2c132ac1e8,heretofore.digital,available,2.98,53.98,medium,low,10,namecheap,,,13/09/2026 21:50
c4e43685-1d2f-4ce3-8a92-7aba222d6aad,palladium.digital,resell,,,high,low,9,,,,20/09/2026 23:10
bacebf4c-3437-4e82-92f7-ce8ea0bb1469,fondness.digital,available,3.49,41.49,high,low,8,namesilo,,,17/09/2026 14:17
7d7933cd-91cf-4125-ab3a-d8d372680caf,roadblock.digital,available,3.49,41.49,medium,low,9,namesilo,,,22/09/2026 08:30
981eadad-fd13-4c1b-8721-72c31fdaec2c,banish.digital,available,3.49,41.49,high,low,6,namesilo,,,24/09/2026 01:57
467b00c7-d7eb-4f3e-960d-b5a98331ee68,pediatrist.digital,available,3.49,41.49,high,low,10,namesilo,,,21/09/2026 13:27
036e9878-efbf-4241-916c-b0e702bbba27,ferocious.digital,available,2.98,53.98,medium,low,9,namecheap,,,18/08/2026 02:05
b86dc12e-95f1-462c-93a4-7df5fde14b78,corona.digital,available,,,high,medium,6,,,,
f13bb300-a4ff-417b-a737-8f554b5e746b,upraised.digital,available,2.98,53.98,medium,low,8,namecheap,,,23/08/2026 01:53
560b48f7-8359-4f13-aa1d-8c890be231f6,banqueting.digital,available,3.49,41.49,high,low,10,namesilo,,,22/09/2026 03:08
c90bbd22-2f2a-4eb1-a4c5-ec5cd6eca7bb,sentential.digital,available,2.98,53.98,medium,low,10,namecheap,,,10/09/2026 03:50
6b986445-0fc3-4d9d-a9da-fe132ae7c37e,retinal.digital,available,2.98,53.98,high,low,7,namecheap,,,09/09/2026 15:37
1d9816bc-98cb-4bef-b26f-bdb380f14316,inadequate.digital,available,2.98,53.98,medium,low,10,namecheap,,,22/08/2026 00:12
0eaf6152-9771-45ee-8c4a-05db915086b7,sock.digital,resell,,,high,low,4,,,,17/09/2026 21:43
1f600505-97a9-4234-b4c1-4a2a6b734b30,colosseum.digital,available,3.49,41.49,high,low,9,namesilo,,,18/09/2026 23:29
77a09f07-5c65-4c60-af6e-c9ea64ca0215,wife.digital,resell,,,high,low,4,"Sav.com, LLC - 8",25/09/2025 15:15,25/09/2026 15:15,
09e1185c-d0f4-4dc6-88e8-8582f2139cf9,barbican.digital,available,3.49,41.49,medium,low,8,namesilo,,,22/09/2026 04:18
77e75bf8-3fa6-4981-a82b-565d48a456a0,nokia.digital,available,,,high,high,5,,,,
40138766-d754-4f6f-b16a-9cb65318bde2,tomboyish.digital,available,2.98,53.98,medium,low,9,namecheap,,,21/08/2026 14:32
3cda4bcc-68dd-42e0-bac0-5347069ef172,wavering.digital,available,2.98,53.98,medium,low,8,namecheap,,,13/09/2026 00:41
a11713a7-c50f-4a6a-b859-b2357413565d,joke.digital,premium,78.54,78.54,high,low,4,namesilo,,,22/09/2026 06:20
077cdefb-b284-492a-87e5-fbddd26f1954,contestant.digital,available,2.98,53.98,medium,low,10,namecheap,,,14/08/2026 12:45
e11f5e6a-27f8-495a-8aee-507e226890c9,eyed.digital,available,2.98,53.98,high,low,4,namecheap,,,17/08/2026 20:00
62036080-b500-43ae-be0b-efbdd8dadcc1,niobium.digital,available,3.49,41.49,medium,low,7,namesilo,,,20/09/2026 23:04
93e61817-29a6-4e19-9f29-a2712ff664af,accuser.digital,available,2.99,41.49,medium,low,7,namesilo,,,
8f738b48-d020-4482-b8cb-df4667b712f2,fishes.digital,available,3.49,41.49,medium,low,6,namesilo,,,17/09/2026 06:49
b8d40210-5705-484f-a3e2-41f6560c39a2,media.digital,resell,,,high,medium,5,Dynadot Inc,17/06/2015 16:00,17/06/2026 16:00,
d370549e-81d1-4d24-a25a-2b881f1ffa85,circinate.digital,available,,,high,low,9,,,,
581a1ed0-00a3-4d9a-9fe6-1399e08b0c47,cheetos.digital,available,3.49,41.49,high,low,7,namesilo,,,21/09/2026 04:04
9613bf65-7e78-4ed5-bba6-0d26d4cd22cc,fanned.digital,available,2.98,53.98,medium,low,6,namecheap,,,17/08/2026 22:09
1318c77c-74c2-4701-9b16-17f46cc56fbb,unfortunately.digital,available,2.99,,medium,low,13,name.com,,,
bf61639c-9a2e-42b2-8596-cf58e2a1c46f,seaborne.digital,available,2.98,53.98,medium,low,8,namecheap,,,10/09/2026 00:34
6356ef47-5f12-4d24-bc49-a11287352bb6,stonelike.digital,available,2.98,53.98,medium,low,9,namecheap,,,08/09/2026 18:26
7b90e8e8-73a4-47b7-b072-a83e1a4d584e,wellington.digital,resell,,,high,low,10,,,,20/09/2026 11:08
e5c6bd60-5e93-4a8d-bcca-132475b132d9,songful.digital,available,2.98,53.98,medium,low,7,namecheap,,,11/08/2026 17:36
55b94114-89df-4bda-8547-4a6b2e8612da,seductive.digital,available,2.98,53.98,high,low,9,namecheap,,,10/09/2026 01:39
bcfbd97b-a2be-43be-8f9e-7da96a22fcc8,sarcasm.digital,available,3.49,41.49,high,low,7,namesilo,,,24/09/2026 13:16
2dadd136-1d8e-4641-a1b7-272c96a4de0c,neotenous.digital,available,2.98,53.98,low,low,9,namecheap,,,03/09/2026 15:33
c2894edb-ae0b-4132-8a49-3d2a406aba0e,kendall.digital,resell,,,high,low,7,,,,25/09/2026 05:14
926345aa-db06-4164-bef1-3222edc25ed4,executable.digital,available,2.98,53.98,high,low,10,namecheap,,,17/08/2026 16:50
fb94e544-8382-40a9-9c80-7127f20d5292,ampoule.digital,available,3.49,41.49,medium,low,7,namesilo,,,18/09/2026 23:49
6b8e8b19-89dc-4f6b-a74e-dbfc79672207,mockingly.digital,available,2.98,53.98,low,low,9,namecheap,,,14/09/2026 12:02
0184e210-1f18-49be-a67b-12a71b282923,formulated.digital,available,2.98,53.98,high,low,10,namecheap,,,18/08/2026 12:22
738f96fd-8197-4d9f-9bfe-ec8b600fcfe7,michelle.digital,resell,,,high,low,8,,,,25/09/2026 13:16
7f7e4137-794e-4786-b4be-7cd8d0f9225a,dourly.digital,available,2.98,53.98,low,low,6,namecheap,,,14/09/2026 13:56
227e9f00-052c-4951-ad0d-48b5b3b0f096,swagger.digital,available,2.98,53.98,high,low,7,namecheap,,,11/09/2026 04:59
5d30b53c-ba15-4259-8f76-6bcf183c7106,ponderable.digital,available,2.98,53.98,medium,low,10,namecheap,,,12/08/2026 15:42
2aa0fd3b-3cab-4f75-9afb-ff0f744007fb,fecund.digital,available,2.98,53.98,medium,low,6,namecheap,,,18/08/2026 00:34
93363ac2-540c-4eaa-837d-fb0ecbe0fb5c,portent.digital,available,2.98,53.98,medium,low,7,namecheap,,,09/09/2026 02:55
f0bb8061-8da2-4b04-b08a-ce63e1ec48ca,deltoid.digital,available,2.98,53.98,medium,low,7,namecheap,,,14/08/2026 00:50
bd25b46b-49a6-444d-8cd7-28ca55441594,discarded.digital,available,2.98,53.98,medium,low,9,namecheap,,,11/08/2026 20:21
4f69cb4c-6de0-48eb-bdd0-8ffe381c7fc8,monistic.digital,available,2.98,53.98,medium,low,8,namecheap,,,25/08/2026 04:51
a70ba4a3-7edc-4920-8f8b-44e870de8560,wastebin.digital,available,2.98,53.98,medium,low,8,namecheap,,,20/09/2026 13:38
8101bcca-9e70-4e8b-a686-5c162a16eb11,etiologic.digital,available,2.98,53.98,medium,low,9,namecheap,,,
c8b247ef-745a-4874-9ebd-835c97b4b434,serpentine.digital,available,2.98,53.98,medium,low,10,namecheap,,,10/09/2026 04:45
39e52041-fc3d-4f5b-b885-aed01dcff776,vainly.digital,available,2.98,53.98,medium,low,6,namecheap,,,15/09/2026 07:33
8da088f6-73bd-442c-9cc9-6c07154d2207,voting.digital,premium,69.3,138.6,high,low,6,namecheap,,,
77b373ad-5f95-4f14-9008-7b0e70ab2eac,devotee.digital,available,2.98,53.98,high,low,7,namecheap,,,11/08/2026 07:49
0455d31b-6a8d-4079-8017-910295bd45ed,notifies.digital,available,2.98,53.98,low,low,8,namecheap,,,18/09/2026 08:35
aa5eda54-5e7d-490e-8489-521f00b71394,incertain.digital,available,2.98,53.98,medium,low,9,namecheap,,,22/08/2026 01:10
60b9f2ce-3c5f-4a8b-a18b-42f8a43362d5,ailey.digital,available,2.98,53.98,high,low,5,namecheap,,,17/09/2026 21:12
6978982c-6bc3-4cc5-a76d-860d5b0ba900,proverb.digital,available,3.49,41.49,high,low,7,namesilo,,,17/09/2026 06:07
9d2604c2-0165-4662-a633-83d6b1342842,rats.digital,resell,,,high,low,4,"Sav.com, LLC - 30",15/08/2025 15:15,15/08/2027 15:15,20/09/2026 22:21
d6d88ae2-62ab-4ed7-a8b0-083c873cc94f,aback.digital,available,2.98,53.98,high,low,5,namecheap,,,13/09/2026 16:07
45c7d9af-9f5f-475d-8185-96c069fb3f63,weekends.digital,available,3.49,41.49,high,low,8,namesilo,,,20/09/2026 22:23
23cc7225-80b2-455e-86ef-43610c5a9a80,mutually.digital,available,2.98,53.98,medium,low,8,namecheap,,,15/09/2026 15:56
1b94f900-2d47-40c7-86fa-ebe3b1d365c0,soppy.digital,available,2.98,53.98,medium,low,5,namecheap,,,09/08/2026 01:14
6758df10-3711-44a3-a0ec-68f3346b9d30,mediatory.digital,available,2.98,53.98,medium,low,9,namecheap,,,24/08/2026 18:55
8fff96bc-3527-4237-82b5-13c713385b8b,picture.digital,premium,242,242,high,low,7,namesilo,,,24/09/2026 16:54
a6d34ba4-2726-40e6-8949-7212b1449ce4,darkling.digital,available,3.99,54.99,medium,low,8,name.com,,,13/08/2026 18:16
65f1d35f-ef0f-4822-9f22-937ba2684d3f,amazons.digital,available,3.49,41.49,medium,low,7,namesilo,,,21/09/2026 05:29
a4845f50-7644-411d-92a9-1a66a355129f,panty.digital,available,2.98,53.98,high,low,5,namecheap,,,09/09/2026 22:42
36a02f25-9050-4b9c-80e8-136ec02cb942,lips.digital,resell,,,high,low,4,"Sav.com, LLC - 7",18/05/2026 15:15,18/05/2027 15:15,25/09/2026 11:39
30360315-1641-42b7-8083-a9bfd133d85a,automatism.digital,available,3.49,41.49,high,low,10,namesilo,,,21/09/2026 06:59
0e920fba-da0d-4765-b89f-26611804ce88,lip.digital,premium,46.2,92.4,high,low,3,namecheap,,,
b8e5315c-d986-4aed-8211-532223b669c2,ismaili.digital,available,2.98,53.98,high,low,7,namecheap,,,22/08/2026 10:53
987279ed-9161-4f36-8183-e7cd0ce4cdda,hemophilia.digital,available,3.49,41.49,medium,low,10,namesilo,,,24/09/2026 05:26
e3b9c823-ff88-484f-89b6-f617e1f50c94,alkali.digital,available,2.98,53.98,high,low,6,namecheap,,,18/09/2026 08:16
423fac10-2743-44c0-aeed-08e529a7b74f,sunnily.digital,available,2.98,53.98,medium,low,7,namecheap,,,14/09/2026 06:41
fffeff5f-15ab-44b0-86ca-d8f947ecd594,dependence.digital,available,2.98,53.98,medium,low,10,namecheap,,,17/09/2026 06:54
9db23249-6d10-400a-9dbb-e33b30102799,translation.digital,resell,,,high,low,11,"Sav.com, LLC - 37",09/12/2025 15:15,09/12/2026 15:15,
38bc3863-c2a9-4f45-94bf-4a75b8500fed,tellurian.digital,available,2.98,53.98,medium,low,9,namecheap,,,11/09/2026 10:37
9b63c4f9-6c8c-4576-a08a-f3f7368d3843,sycophant.digital,available,3.49,41.49,medium,low,9,namesilo,,,20/09/2026 15:34
2cb04919-0c91-4f43-87e1-7ccac02d96bd,hourlong.digital,available,2.98,53.98,medium,low,8,namecheap,,,21/08/2026 14:22
ee1404be-6876-427f-b9cb-b55705986b47,unsubtle.digital,available,2.98,53.98,medium,low,8,namecheap,,,12/09/2026 20:46
61f039eb-c258-4657-893d-7c122b8a3a2a,modem.digital,premium,46.2,92.4,high,low,5,namecheap,,,
57007b0b-5381-4ab6-b755-035f458989b1,victuals.digital,available,2.98,53.98,medium,low,8,namecheap,,,12/08/2026 18:52
8819e303-f0f3-486f-bfd3-b1662c5119f0,foetid.digital,available,2.98,53.98,medium,low,6,namecheap,,,18/08/2026 02:26
46f0e87e-afea-42e1-9ca2-786275e69077,smarted.digital,available,3.49,41.49,medium,low,7,namesilo,,,20/09/2026 16:41
aea26ba5-efa9-421a-afe0-a18e7a5a199b,stronger.digital,resell,,,high,low,8,"Sav.com, LLC - 33",15/04/2026 15:15,15/04/2027 15:15,
abb1d121-da3e-4613-9ba2-6b5c9b95b2d0,visible.digital,resell,,,high,low,7,"Global Domains International, Inc. DBA DomainCostClub.com",31/10/2025 15:15,31/10/2026 15:15,
29373ce5-8473-41e3-9a5e-0cf2f35e0918,criterial.digital,available,2.98,53.98,medium,low,9,namecheap,,,13/08/2026 07:27
e9675b6d-dfd6-4ee3-9fbe-d95142c22143,barracuda.digital,resell,,,high,low,9,,,,22/09/2026 07:54
4d52d973-539f-4947-90e9-0f7b6e9f81ad,gyrate.digital,available,2.98,53.98,medium,low,6,namecheap,,,10/09/2026 15:51
49b00c68-968d-4289-a444-faf7f4bd85fe,vegetarian.digital,available,2.99,,high,low,10,name.com,,,
f8fb7a44-05f1-40d7-ac98-b129b7c49536,abele.digital,available,3.49,41.49,medium,low,5,namesilo,,,16/09/2026 15:02
06630257-d9b1-4b3a-8099-b00487b05a99,licentious.digital,available,2.98,53.98,medium,low,10,namecheap,,,23/08/2026 00:56
fdfafabf-eb58-4f34-8c1b-d0fc9d833f73,sensitive.digital,available,2.99,,high,low,9,name.com,,,
913929ab-9fa6-4ad9-b23a-0cc7ba55bb7a,lowbred.digital,available,3.49,41.49,low,low,7,namesilo,,,10/08/2026 22:02
4103970f-33fa-4a81-a165-f17da628e92d,apsu.digital,available,2.98,53.98,medium,low,4,namecheap,,,19/09/2026 22:37
297af001-fd8f-412b-9285-044240ab9319,furthest.digital,available,3.49,41.49,medium,low,8,namesilo,,,24/09/2026 17:07
6133d41e-a6fb-4403-82a5-0089b7e38a60,ounces.digital,available,3.49,41.49,medium,low,6,namesilo,,,16/09/2026 11:16
4713c7ee-3487-4798-b57e-056cf89f667b,dreamy.digital,resell,,,high,low,6,"Sav.com, LLC - 33",30/07/2026 15:15,30/07/2027 15:15,14/08/2026 18:48
c3982bfe-03df-4a9c-af5a-58466c3e45d3,foundation.digital,resell,,,high,low,10,,,,24/09/2026 18:15
5e168df0-4809-431d-acac-c85c8c679e69,absorbency.digital,available,2.98,53.98,medium,low,10,namecheap,,,16/09/2026 18:15
4e6d3f53-2c9f-4dd0-be3d-71d134343d4a,provoke.digital,resell,,,high,low,7,"Sav.com, LLC",28/02/2026 20:21,28/02/2027 20:21,
7722e536-a6da-44fb-b9f4-1754f08b20ef,whiskered.digital,available,2.98,53.98,medium,low,9,namecheap,,,08/08/2026 16:15
4b6ed39b-20f7-4fbe-a12e-b8cb723eca52,grouch.digital,available,2.98,53.98,medium,low,6,namecheap,,,13/08/2026 04:56
ec7eb5cb-739e-427c-815f-80f9a980ceed,amnesty.digital,available,2.98,53.98,high,low,7,namecheap,,,18/09/2026 22:23
87499c0a-fb79-4f99-8abb-53797ec45454,inducive.digital,available,2.98,53.98,medium,low,8,namecheap,,,22/08/2026 03:31
777bbe62-3d3c-4601-a904-cafa444a6a88,sphincter.digital,available,2.98,53.98,medium,low,9,namecheap,,,19/09/2026 03:31
1c523b19-53ab-4791-a699-d0a5f6e9a666,babar.digital,available,2.98,53.98,high,low,5,namecheap,,,21/09/2026 12:14
bbd1fa67-9681-4410-8c68-780600ddec2b,profiled.digital,available,3.49,41.49,medium,low,8,namesilo,,,21/09/2026 10:04
0f399c27-4bdb-4b0a-8a59-f2d5744bc95e,brain.digital,resell,,,high,medium,5,"GoDaddy.com, LLC",08/04/2018 09:44,08/04/2027 09:44,
b4f95fcb-4908-4b0f-9a5a-08b57998362d,agrigento.digital,available,3.49,41.49,medium,low,9,namesilo,,,17/09/2026 02:44
1f269fba-093f-43b5-b4af-38d2640b2ac6,debauched.digital,available,3.99,54.99,medium,low,9,name.com,,,13/08/2026 20:14
d70f21ab-57e0-4d3e-994a-253351a4d171,applet.digital,available,2.98,53.98,high,low,6,namecheap,,,19/09/2026 21:38
c2013844-93ae-40d3-80b5-cdf5c829a96e,manlike.digital,available,2.98,53.98,medium,low,7,namecheap,,,24/08/2026 14:48
52d6d7c1-eb17-4af6-9bd7-fda91d744f34,beholding.digital,available,2.98,53.98,medium,low,9,namecheap,,,10/09/2026 01:47
fa859285-a377-488b-b0e2-a1abcc8938bf,berkshires.digital,available,3.99,54.99,medium,low,10,name.com,,,23/09/2026 09:35
9049b8b8-7282-452f-ba24-ad1e20df924a,punched.digital,available,3.49,41.49,medium,low,7,namesilo,,,19/09/2026 01:53
fcb2cd7f-1def-4294-b4c4-f7ac5f1358fe,abaya.digital,available,3.49,41.49,medium,low,5,namesilo,,,16/09/2026 14:18
0013db77-c9a8-434c-a7f5-d1ddd5c2604e,whenever.digital,available,2.99,,medium,low,8,name.com,,,
9d2877a2-17ce-485a-a58e-36c323b7fc8a,malamud.digital,available,3.49,41.49,medium,low,7,namesilo,,,23/09/2026 09:50
52b10ad5-6eff-43c4-a1ca-aeef4a0f69aa,enormously.digital,available,2.98,53.98,medium,low,10,namecheap,,,14/09/2026 15:47
e1c51b2d-c236-4d3d-8285-1d2f8880310d,trepid.digital,available,2.98,53.98,medium,low,6,namecheap,,,11/09/2026 16:07
f96544ca-978a-4338-baac-44574fcb1343,unmined.digital,available,2.98,53.98,medium,low,7,namecheap,,,12/09/2026 15:41
6043144e-a6f1-4b41-9486-1a9135ab49a1,contend.digital,available,2.99,41.49,high,low,7,namesilo,,,
99bd3a4c-2f77-4248-a761-ddd2cad59691,backpack.digital,resell,,,high,low,8,"Sav.com, LLC - 23",26/08/2026 15:15,26/08/2027 15:15,26/09/2026 04:12
f9409efa-d0ec-45d9-9180-3bfed02b3e21,bankrupt.digital,available,2.98,53.98,medium,low,8,namecheap,,,08/08/2026 13:29
59cfdb8e-20f0-4298-b469-3cf659578cd5,amoy.digital,available,3.49,41.49,medium,low,4,namesilo,,,18/09/2026 23:05
90378a8d-ff44-47b9-a26a-564f36db563d,blacken.digital,available,2.98,53.98,medium,low,7,namecheap,,,10/08/2026 11:10
cb862e55-24ad-43a8-8101-72019698ddc5,exciting.digital,available,3.49,41.49,high,low,8,namesilo,,,24/09/2026 15:57
c90a1571-b286-4746-b26d-a16eb39b3c63,unequaled.digital,available,2.98,53.98,high,low,9,namecheap,,,12/09/2026 09:09
188ecb89-1324-42e0-8ad8-fb327ddc3e52,rebel.digital,resell,,,high,medium,5,"Sav.com, LLC - 25",15/04/2023 15:15,15/04/2027 15:15,22/08/2026 07:47
957e18be-1c47-4db5-b1ca-9519918648f5,blamed.digital,available,2.98,53.98,medium,low,6,namecheap,,,10/08/2026 12:39
d7930625-7798-48fc-89d3-c8f43b2dad35,seventies.digital,available,3.49,41.49,high,low,9,namesilo,,,16/09/2026 12:13
ca7860e5-d037-43a5-9618-128e1cf10808,sewn.digital,available,2.98,53.98,medium,low,4,namecheap,,,10/09/2026 05:07
17062a33-2db0-4513-b6a1-5f521b631b54,clinquant.digital,available,2.98,53.98,medium,low,9,namecheap,,,12/08/2026 11:08
439a8471-de8a-4ff1-9a5d-b02f357559c7,aerobiotic.digital,available,2.98,53.98,medium,low,10,namecheap,,,
caadbb8a-7df8-4c5e-8037-eab6c1fc8d11,amass.digital,available,2.98,53.98,high,low,5,namecheap,,,12/08/2026 16:53
0a3ec6ab-050c-4424-8d37-772b8a2e5481,legalise.digital,available,2.98,53.98,high,low,8,namecheap,,,22/08/2026 23:07
3b114968-45a2-4937-a908-d576c1aeaae9,septuple.digital,available,2.98,53.98,medium,low,8,namecheap,,,10/09/2026 04:23
1566b627-0abb-47f3-bd80-0f8e8f1d7b5c,ultimo.digital,available,2.98,53.98,medium,low,6,namecheap,,,11/09/2026 22:47
d2748e3c-08d5-466c-9a5d-6e2c789f4e5f,futile.digital,available,2.98,53.98,medium,low,6,namecheap,,,22/09/2026 23:49
6ba37675-dad2-43c5-8b62-76f9c58a09f6,monoatomic.digital,available,2.98,53.98,medium,low,10,namecheap,,,25/08/2026 04:18
40ccad3a-2256-459e-aa5d-126138b67f23,stinging.digital,available,3.99,54.99,high,low,8,name.com,,,13/08/2026 13:17
8060bf18-8682-4a2e-b115-4a306bcafc49,midland.digital,resell,,,high,low,7,"Sav.com, LLC - 22",16/09/2026 15:15,16/09/2027 15:15,25/09/2026 12:03
c44248f8-e77a-488f-8339-784c0a135b37,celery.digital,available,3.49,41.49,high,low,6,namesilo,,,19/09/2026 17:33
ffebaf29-543c-4bab-8241-b352c469dafe,mollify.digital,available,2.98,53.98,high,low,7,namecheap,,,18/08/2026 22:10
f78c30a8-e468-47e8-8b8d-a5eb15ec977f,vulgar.digital,available,2.98,53.98,high,low,6,namecheap,,,14/08/2026 22:44
581d0432-3104-4f1e-ade8-5572b4b3a388,callable.digital,available,2.98,53.98,medium,low,8,namecheap,,,11/08/2026 14:26
e94e0f2b-2d6d-4328-9b05-b4201f78ecbd,reminded.digital,available,3.49,41.49,medium,low,8,namesilo,,,18/09/2026 03:00
9f8d53f0-3619-4145-87be-ec0969eafe7e,purr.digital,resell,,,high,low,4,,,,23/09/2026 20:53
322cc0a1-5aae-4d96-ae87-2b61c11cc012,lengthwise.digital,available,2.98,53.98,medium,low,10,namecheap,,,22/08/2026 23:38
e8805bfc-8e10-4937-88c3-ecb6f07a3dc5,interpret.digital,available,2.99,,high,low,9,name.com,,,
22ff5132-626f-4123-b493-0381468c6e9d,replicate.digital,resell,,,high,low,9,"Sav.com, LLC - 35",03/05/2026 15:15,03/05/2027 15:15,14/08/2026 21:26
81bef57c-d24e-4b26-81d3-9593e7aca5ce,continuous.digital,premium,42.9,85.8,high,low,10,namecheap,,,23/09/2026 22:20
0c4af365-a12e-4fc2-8346-a88beeab8172,scraggy.digital,available,2.98,53.98,medium,low,7,namecheap,,,22/08/2026 12:02
aec3d920-9878-4942-8dc0-9a0e4918d533,appetence.digital,available,2.98,53.98,medium,low,9,namecheap,,,19/09/2026 20:44
2322cd7e-83fc-406d-839f-8bb1d5805c81,whatsoever.digital,available,3.49,41.49,medium,low,10,namesilo,,,22/09/2026 06:59
0e736aaa-33ec-4d39-8060-a70c0c326adb,declarer.digital,available,3.49,41.49,high,low,8,namesilo,,,17/09/2026 14:33
c6072827-fb66-4984-b723-df9e2bea40df,renegade.digital,resell,,,high,low,8,"Sav.com, LLC - 22",18/07/2025 15:15,18/07/2027 15:15,06/08/2026 03:45
69210333-003d-4274-ab7d-a7fb07d98b02,stationary.digital,available,2.98,53.98,high,low,10,namecheap,,,10/09/2026 19:12
5a96461b-93a2-4397-9a06-4c0e6f130d17,amhara.digital,available,2.98,53.98,high,low,6,namecheap,,,18/09/2026 21:12
f8dac482-7ca6-428d-8397-4a02b087972a,badness.digital,available,2.98,53.98,medium,low,7,namecheap,,,08/08/2026 07:23
e2c96a97-1d45-401d-a757-7a7e2fd677b7,nitid.digital,available,2.98,53.98,medium,low,5,namecheap,,,
1383159a-5794-4bd7-8f02-d24754956bed,thermic.digital,available,2.98,53.98,medium,low,7,namecheap,,,11/08/2026 15:05
20d25082-a99e-4368-a2e7-c90e9e9fcf1b,genuinely.digital,available,2.99,41.49,high,low,9,namesilo,,,
197fffc8-93d1-4bb4-81ad-aadc312fc8d4,replacement.digital,available,2.99,,high,low,11,name.com,,,
ee2029b2-e23d-4444-b1c6-608a40865c31,muscular.digital,available,2.98,53.98,high,low,8,namecheap,,,11/08/2026 02:50
2f52ba97-f67c-48df-9c54-433182d64828,motored.digital,available,2.98,53.98,medium,low,7,namecheap,,,25/08/2026 08:30
9cf28997-06c6-4d22-86c4-85f91a8c5b21,sordid.digital,available,2.98,53.98,medium,low,6,namecheap,,,10/09/2026 14:29
e65f4c2e-51ba-4c45-8d01-c34ba08b42ff,amnesiac.digital,available,2.98,53.98,medium,low,8,namecheap,,,
09842c87-46d0-4f03-9cfb-5701c763d22e,knocker.digital,available,3.49,41.49,medium,low,7,namesilo,,,24/09/2026 22:02
b4175fd7-2abf-44c4-b5bb-288ab9316bb3,abohm.digital,available,3.49,41.49,medium,low,5,namesilo,,,16/09/2026 16:26
ab329b12-a907-4d74-9233-21ca9b6acb8e,posters.digital,resell,,,high,low,7,"Sav.com, LLC - 32",14/06/2026 15:15,14/06/2027 15:15,25/09/2026 13:02
1bc52b4a-f678-4d9e-ae53-6f6f05e20758,circular.digital,resell,,,high,low,8,"Sav.com, LLC - 45",30/05/2026 15:15,30/05/2027 15:15,23/09/2026 09:44
9345e7dc-9a48-4d0f-b982-db9fb5600710,deadlocked.digital,available,3.99,54.99,medium,low,10,name.com,,,13/08/2026 19:27
a232d37a-f552-4ae9-8bd6-9ae0752492c7,finespun.digital,available,2.98,53.98,medium,low,8,namecheap,,,18/08/2026 04:51
0210b280-a82e-4e00-b209-02dddafa5f03,benedick.digital,available,3.49,41.49,high,low,8,namesilo,,,23/09/2026 07:51
d70cca2b-feb2-4396-983b-b31a26754225,barbara.digital,resell,,,high,low,7,,,,25/09/2026 11:55
3c8e330f-53ba-4473-869e-68d12699f90d,clearing.digital,available,2.98,53.98,high,low,8,namecheap,,,24/09/2026 15:28
ee12d783-54ef-4967-9e9b-1b2b80bdf897,preventive.digital,available,3.49,41.49,high,low,10,namesilo,,,23/09/2026 22:24
aad725b5-4729-4f59-ad84-03dedf4b5d3d,touchable.digital,available,2.98,53.98,high,low,9,namecheap,,,11/09/2026 07:57
9ec42c37-2952-4e06-9c5e-b021438ff233,slangy.digital,available,2.98,53.98,medium,low,6,namecheap,,,10/09/2026 09:59
67981fcd-db34-4bc6-b33f-da1c7d289faa,footing.digital,available,2.98,53.98,high,low,7,namecheap,,,22/09/2026 11:02
7125fc8f-c6c2-4a53-b9e8-e38a163d02c0,spit.digital,available,2.98,53.98,medium,low,4,namecheap,,,15/09/2026 20:17
d8ce610c-bb9a-4f87-8c2f-15767d06e79e,thrown.digital,available,,,medium,low,6,,,,
88f4d2a5-b082-4f6e-b48d-c37af0ef3021,garret.digital,available,3.49,41.49,medium,low,6,namesilo,,,25/09/2026 10:26
cfb727a6-73af-449c-984b-e5b49c7eeece,quiet.digital,resell,,,high,low,5,"Sav.com, LLC - 37",15/07/2026 15:15,15/07/2027 15:15,23/09/2026 12:30
0581221b-8871-48f6-8eeb-80b327744589,amir.digital,resell,,,high,low,4,"GoDaddy.com, LLC",08/08/2019 11:58,08/08/2028 11:58,26/09/2026 03:50
e0e50af8-6e66-4f32-8cb8-26e249ef457f,bifurcate.digital,available,2.98,53.98,high,low,9,namecheap,,,09/08/2026 20:08
21f76719-d125-415a-9ce5-41f6eace92ac,aves.digital,available,2.98,53.98,high,low,4,namecheap,,,21/09/2026 09:17
6cef36dd-d055-4d6c-a6c1-67338b8c1669,coniferous.digital,available,2.98,53.98,high,low,10,namecheap,,,12/08/2026 20:37
6a2cc187-236d-4ca2-8b93-9be4fffb9bd1,hammered.digital,available,2.98,53.98,medium,low,8,namecheap,,,20/08/2026 22:59
d7fa13e2-ecc4-43a5-a908-67d1a02644ae,juxtaposed.digital,available,2.98,53.98,medium,low,10,namecheap,,,22/08/2026 15:00
c4387022-5287-420c-9cb3-36f668d16017,stripping.digital,available,3.49,41.49,medium,low,9,namesilo,,,22/09/2026 05:59
6c8914ed-3641-464c-a2e8-ed868d03df3b,afflicted.digital,available,2.98,53.98,high,low,9,namecheap,,,
e9d39f7f-58ff-42ef-a835-d2444b505f2a,treasonous.digital,available,2.98,53.98,medium,low,10,namecheap,,,17/08/2026 21:20
e6aaed07-9b6c-4fbd-b836-66b538cdd94f,castled.digital,available,2.98,53.98,medium,low,7,namecheap,,,11/08/2026 20:28
a4fd115f-a083-4dc4-b3b1-9dbc55ecf995,poverty.digital,available,2.99,,medium,low,7,name.com,,,
dddf2009-c840-4ce0-b858-35a292f00fad,hellenic.digital,available,2.98,53.98,high,low,8,namecheap,,,20/08/2026 17:54
c63ff2a7-c1a3-4caf-96b3-8fc389cf1e57,wants.digital,available,2.98,53.98,medium,low,5,namecheap,,,25/09/2026 17:58
9cb4185f-72cb-4d4a-8853-dc9695555128,drogue.digital,available,3.49,41.49,medium,low,6,namesilo,,,17/09/2026 21:47
c4c247e8-9240-47d3-950f-bbdf4778add0,unearned.digital,available,2.98,53.98,medium,low,8,namecheap,,,12/09/2026 08:43
75f7f826-a5df-4a46-9094-23a648a4e842,abysm.digital,available,3.49,41.49,medium,low,5,namesilo,,,16/09/2026 19:45
17a46e7f-d14a-424d-acfc-712d4175d64b,testily.digital,available,2.98,53.98,low,low,7,namecheap,,,15/09/2026 09:30
b2bd9b61-db50-4958-9639-6f84f5c6444d,amur.digital,available,3.49,41.49,high,low,4,namesilo,,,19/09/2026 00:13
387dea8f-3fe2-4760-a2ad-0e98371661ac,adversary.digital,available,3.49,41.49,medium,low,9,namesilo,,,17/09/2026 10:44
b049f17a-fb41-4625-bd18-3eff7b9ebf2b,pallid.digital,available,2.98,53.98,medium,low,6,namecheap,,,04/09/2026 23:51
7b046a40-9a83-4e93-919f-bfe705cb739d,specially.digital,available,,,medium,low,9,,,,
0188042b-4674-4f4d-a002-ee4cfb2c022d,altogether.digital,available,2.98,53.98,high,low,10,namecheap,,,
3ed385c9-468a-4a43-a3e0-c8dbfe069349,excuse.digital,available,3.49,41.49,high,low,6,namesilo,,,25/09/2026 22:39
781f7f01-02c0-4616-87f9-58dbcf0dcdd5,conflicted.digital,available,2.99,41.49,medium,low,10,namesilo,,,
a6ab3558-cf57-442c-8483-85391ced4ca5,caroline.digital,resell,,,high,low,8,"Sav.com, LLC - 26",17/01/2026 15:15,17/01/2027 15:15,11/08/2026 19:29
c91eba9c-9440-49fb-bd16-cf2ab9fa96ce,diehards.digital,available,3.49,41.49,low,low,8,namesilo,,,20/09/2026 23:29
4e33dd41-11b5-4a11-a77f-f6979488d484,moldable.digital,available,2.98,53.98,medium,low,8,namecheap,,,25/08/2026 03:42
e5272b32-ca52-4139-8ada-553d98ef7452,regular.digital,resell,,,high,low,7,"Sav.com, LLC - 24",10/04/2026 15:15,10/04/2027 15:15,
86a133f9-0f46-48a8-9e22-1ae5ddbf4122,director.digital,resell,,,high,low,8,"Sav.com, LLC - 4",06/12/2025 15:15,06/12/2026 15:15,
83c2941d-d605-4c0c-bc4b-cadc78b0bc1f,annona.digital,available,3.49,41.49,medium,low,6,namesilo,,,19/09/2026 10:30
0292d944-73d0-41bd-9f85-db1b0c1db993,acanthion.digital,available,2.98,53.98,medium,low,9,namecheap,,,16/09/2026 20:39
000bfdd7-9449-410c-bf4e-3022b05e6684,yams.digital,available,3.49,41.49,medium,low,4,namesilo,,,19/09/2026 22:19
886a170f-2cf4-48ce-84e4-2b7202773814,multiphase.digital,available,2.98,53.98,medium,low,10,namecheap,,,03/09/2026 10:50
bde94fa3-263c-44a4-a6b0-0b32610dd7ee,environmentally.digital,available,2.99,41.49,medium,low,15,namesilo,,,
dd6cc776-a510-4896-9e9a-58b3cefbed82,fights.digital,available,2.98,53.98,medium,low,6,namecheap,,,20/09/2026 00:14
687a48f8-9c19-46b6-80c4-77982645daeb,eyelike.digital,available,2.98,53.98,medium,low,7,namecheap,,,17/08/2026 20:04
f630aa7d-0e07-40bd-992b-de2742773131,thumbed.digital,available,2.98,53.98,medium,low,7,namecheap,,,11/09/2026 15:04
f2499bb5-e99e-4ddc-ab21-efccbd15a018,worshipful.digital,available,2.98,53.98,high,low,10,namecheap,,,
c0b2b79a-3f50-4cbc-b84a-3f98fa747060,drafty.digital,available,2.98,53.98,medium,low,6,namecheap,,,14/08/2026 18:12
70ad45f0-d9a2-4de7-bdbc-6d6ad50c17c4,aneurism.digital,available,3.49,41.49,medium,low,8,namesilo,,,19/09/2026 05:43
f480a3ae-576c-4357-91a5-b521ac7b84d2,stops.digital,available,2.99,,high,low,5,name.com,,,
b5d553f6-fea7-43aa-bc90-2bb514a434c6,untasted.digital,available,2.98,53.98,low,low,8,namecheap,,,12/09/2026 21:05
e8d4d317-f2e3-4c19-a528-9ae15e219f14,subverter.digital,available,2.98,53.98,medium,low,9,namecheap,,,09/09/2026 16:25
e7220010-d5a3-4850-a79a-0b41a7430c91,caudal.digital,available,2.98,53.98,high,low,6,namecheap,,,11/08/2026 22:22
fa2043f6-3a14-4f58-9720-2bd0d2fcbbc0,bands.digital,available,2.98,53.98,medium,low,5,namecheap,,,16/09/2026 12:26
409ef19f-5395-4c43-90f1-ea7bc3313b05,barrage.digital,available,3.49,41.49,medium,low,7,namesilo,,,22/09/2026 07:57
f394fd5d-500a-4648-a6a9-24c78a2c28f4,likely.digital,available,3.49,41.49,high,low,6,namesilo,,,25/09/2026 13:46
05db55b2-f0fb-4b4c-8191-00b50cc2b6de,aquavit.digital,available,3.49,41.49,medium,low,7,namesilo,,,18/09/2026 00:16
d6fb03d3-a167-4331-b382-6b17340217ea,latter.digital,available,3.49,41.49,high,low,6,namesilo,,,25/09/2026 13:08
0d5464e4-242f-46c4-ba51-2cb50a2d94f6,religion.digital,premium,46.2,92.4,high,low,8,namecheap,,,
84bb6620-472d-480c-98b7-d04bda8f5c4b,oftentimes.digital,available,2.98,53.98,medium,low,10,namecheap,,,14/09/2026 20:04
e45358b4-33f8-4bb3-b1f9-5321c60c05b3,ill.digital,premium,78.54,78.54,high,low,3,namesilo,,,25/09/2026 07:33
16d2dce0-beda-4a29-8224-b1956ef219df,well.digital,resell,,,high,low,4,"Global Domains International, Inc. DBA DomainCostClub.com",24/03/2026 15:15,24/03/2027 15:15,24/09/2026 22:39
5cc96ea7-6c02-4324-bcaa-3b787ea7347c,witnesses.digital,available,2.98,53.98,medium,low,9,namecheap,,,25/09/2026 18:59
0231952f-8c09-4b1c-bde3-8fe3e608bb91,aspirin.digital,available,,,high,medium,7,,,,
c1bcf105-e7a1-4748-854b-a06b60e6c0ba,pained.digital,available,2.98,53.98,medium,low,6,namecheap,,,04/09/2026 01:26
1b8f84c4-103f-4bb5-b2b0-11885efeb091,aboard.digital,available,2.99,41.49,high,low,6,namesilo,,,
c9f0933d-9a85-4cd4-b803-95aea819d6d5,maidens.digital,available,2.99,,high,low,7,name.com,,,
b1addbd8-b48b-4dca-bd39-86b582ec0226,nancy.digital,available,3.49,41.49,medium,low,5,namesilo,,,25/09/2026 09:33
f1c22536-e593-4b3b-8085-246d7cd9e008,embonpoint.digital,available,2.98,53.98,medium,low,10,namecheap,,,12/08/2026 07:33
88a68d24-07ce-4fb0-a824-cafd756f2e79,aligning.digital,available,2.98,53.98,medium,low,8,namecheap,,,
6159823c-5f5f-47c5-9861-85efd1aa0da7,arresting.digital,available,2.98,53.98,high,low,9,namecheap,,,06/08/2026 21:47
87b585b2-e359-4c57-869c-ea81659bbc2d,subsets.digital,available,3.49,41.49,medium,low,7,namesilo,,,21/09/2026 01:05
69a35e5a-4740-4713-bd4b-f0f2b3c1e54d,unredeemed.digital,available,2.98,53.98,medium,low,10,namecheap,,,12/09/2026 17:55
648f4c3a-4265-4586-90f4-704d39123572,zooming.digital,available,2.99,,high,low,7,name.com,,,
8edae614-0963-4ef5-a1fc-c7b7f1f35d1c,extralegal.digital,available,2.98,53.98,medium,low,10,namecheap,,,17/08/2026 19:14
01292ac2-cff9-4ea3-98ef-092bbb861a07,anodyne.digital,available,2.98,53.98,medium,low,7,namecheap,,,
002d0c6e-8596-471d-bd4d-c0611e7e159e,desperate.digital,available,2.98,53.98,high,low,9,namecheap,,,14/08/2026 03:58
5c8a1edd-d060-4522-82fb-1a5573e99f51,redwing.digital,available,3.49,41.49,high,low,7,namesilo,,,17/09/2026 16:57
138537c1-0403-407f-b50c-6b98f6bbd2f2,typed.digital,available,2.98,53.98,high,low,5,namecheap,,,17/09/2026 22:44
4b26d4fb-7437-4724-9272-56f033ced259,paintable.digital,available,2.98,53.98,medium,low,9,namecheap,,,04/09/2026 23:06
99b6fe30-987e-4423-b6f7-9e97bcec3a65,conciliate.digital,available,2.98,53.98,high,low,10,namecheap,,,18/08/2026 22:04
062e9f00-c72f-41f0-8f3a-392800b978a2,trustful.digital,available,2.98,53.98,high,low,8,namecheap,,,11/09/2026 20:45
2cfe71e2-f56d-4d3b-a426-f282a4ac5b2c,astern.digital,available,2.98,53.98,medium,low,6,namecheap,,,
8e2ebca3-815f-4646-8ef0-4f9d57fe4759,potassium.digital,available,2.98,53.98,high,low,9,namecheap,,,20/09/2026 22:30
79f73024-23c0-45e2-807e-952c5415e348,dolomitic.digital,available,2.98,53.98,medium,low,9,namecheap,,,14/08/2026 15:28
eeafc384-543c-4f3a-89b8-946619001049,axilla.digital,available,3.49,41.49,medium,low,6,namesilo,,,20/09/2026 07:40
634a22e9-0248-4940-bb0f-dc5d6078f870,uncool.digital,available,2.98,53.98,medium,low,6,namecheap,,,12/09/2026 06:11
0b4eb662-7a20-4540-9160-811fba06ff49,bmdo.digital,available,3.49,41.49,medium,low,4,namesilo,,,21/09/2026 22:57
9f11ffb1-5532-4641-b4f5-74ce33e7a8b8,turkish.digital,premium,42.9,85.8,medium,low,7,namecheap,,,11/09/2026 21:18
2893be74-ec8e-4d07-9501-d4cdd54cb197,irregular.digital,available,3.49,41.49,high,low,9,namesilo,,,25/09/2026 11:26
4b1cec96-b0eb-41db-8c47-e4c938b0a5c3,overt.digital,available,2.98,53.98,high,low,5,namecheap,,,04/09/2026 21:53
725e81c5-57d6-4525-a455-cec939fbfcd6,serrated.digital,available,2.98,53.98,medium,low,8,namecheap,,,03/09/2026 22:08
14b82527-dda7-4fff-85fa-ee1f4b44ccee,legitimize.digital,available,2.98,53.98,high,low,10,namecheap,,,04/09/2026 05:07
c0b01896-bd30-4682-aab6-737a40d59cf5,affects.digital,available,3.49,41.49,medium,low,7,namesilo,,,20/09/2026 03:57
032e9515-787c-4e01-b03b-561c81bcc41c,dipolar.digital,available,2.98,53.98,medium,low,7,namecheap,,,14/08/2026 08:28
bfcc8081-92bf-4dbd-9603-297ed26f289d,welcome.digital,resell,,,high,low,7,"Sav.com, LLC - 15",02/06/2026 15:15,02/06/2027 15:15,13/09/2026 10:12
54b3683f-0e6f-4860-94ed-71b12d7b2213,alocasia.digital,available,2.98,53.98,medium,low,8,namecheap,,,18/09/2026 12:56
c984abc5-5a95-421b-b16a-cec2de0cabff,bitterness.digital,available,3.49,41.49,medium,low,10,namesilo,,,17/09/2026 03:08
3a7c0e6b-c119-4f5a-a31e-5eb3af4274c8,andersen.digital,resell,,,high,low,8,"Sav.com, LLC - 46",27/05/2026 15:15,27/05/2027 15:15,26/09/2026 03:52
faf1bd14-d343-4bc4-a073-27a31551db42,agilely.digital,available,2.98,53.98,high,low,7,namecheap,,,13/09/2026 18:16
be4fdaac-2ef7-48ab-adbb-e74c4e7e2831,toughened.digital,available,2.98,53.98,medium,low,9,namecheap,,,11/09/2026 10:54
c3ab5a8d-dfbb-49ab-acbc-30fbd3ef185c,fascist.digital,available,2.98,53.98,medium,low,7,namecheap,,,17/08/2026 22:58
436f0736-e2f6-48c6-8a0a-ccd2812954c1,arcadia.digital,resell,,,high,medium,7,Netregistry Wholesale Pty Ltd,03/08/2025 15:15,03/08/2027 15:15,26/09/2026 03:58
18493007-9516-4194-b8b6-8b48a18955c4,sumatran.digital,available,2.98,53.98,high,low,8,namecheap,,,11/09/2026 01:31
92e5f1bb-43ae-4651-b14d-21e1bed234a5,sumptuary.digital,available,2.98,53.98,medium,low,9,namecheap,,,11/09/2026 01:40
9cd03c51-7abd-414a-a370-32ba8eb3120f,famed.digital,available,2.98,53.98,high,low,5,namecheap,,,11/08/2026 23:12
bd3d527e-a0b7-478d-ab07-4ce0412167b1,champagne.digital,resell,,,high,low,9,"Sav.com, LLC - 38",16/06/2026 15:15,16/06/2027 15:15,23/09/2026 10:06
c45f1cc4-9734-488d-a7b2-9b49ae17c0f7,additional.digital,available,3.49,41.49,high,low,10,namesilo,,,21/09/2026 17:14
68abad57-a3f3-42ae-b2e5-bfef1aede633,backblast.digital,available,3.49,41.49,medium,low,9,namesilo,,,21/09/2026 14:26
85a52d36-44be-4df6-96ee-83fbb4df7079,pirate.digital,resell,,,high,low,6,Netregistry Wholesale Pty Ltd,10/05/2025 15:15,10/05/2027 15:15,
aab7dcf1-5604-4647-8f25-658e515422c2,woollen.digital,available,2.98,53.98,high,low,7,namecheap,,,13/09/2026 13:15
b37860e2-4bda-4dab-bdf7-d8dcd2981516,anasa.digital,available,3.49,41.49,medium,low,5,namesilo,,,19/09/2026 03:09
34f667d9-1246-437c-85b8-5834214e4029,desires.digital,premium,118.8,118.8,high,low,7,namesilo,,,17/09/2026 08:40
879f79b8-738e-450b-850e-654c3ffcb1e7,squinch.digital,available,2.98,53.98,low,low,7,namecheap,,,10/09/2026 17:51
b210b6a6-ea25-46e8-be80-740e91fed640,catoptric.digital,available,2.98,53.98,medium,low,9,namecheap,,,11/08/2026 22:12
6092c5df-6f26-446b-8ad1-61352e8ca252,spoke.digital,resell,,,high,low,5,,,,25/09/2026 10:31
606964fa-0921-44f5-ad12-7cd52e7de4f1,niches.digital,available,3.49,41.49,medium,low,6,namesilo,,,20/09/2026 09:56
385dd95d-d64a-46d0-be1a-87cc92c1a345,lyric.digital,resell,,,high,low,5,"Sav.com, LLC - 27",26/05/2026 15:15,26/05/2027 15:15,25/09/2026 15:47
ae8ad368-fabb-4d92-9db1-c6b236f5c9dd,spousal.digital,available,2.98,53.98,high,low,7,namecheap,,,11/08/2026 03:56
64021a00-30d7-4c85-95c7-edf8a8958846,blackcock.digital,available,2.98,53.98,medium,low,9,namecheap,,,24/09/2026 00:30
54af32ad-e754-4851-ab38-19c2a736afb0,bandsaw.digital,available,3.49,41.49,high,low,7,namesilo,,,22/09/2026 00:49
8e8137ad-d577-4068-9cc2-e236555eb0b0,semirigid.digital,available,2.98,53.98,medium,low,9,namecheap,,,10/09/2026 03:19
d13afe29-ce40-4ab0-a36b-69c9de435cc3,archaic.digital,available,2.98,53.98,high,low,7,namecheap,,,
625aa9d1-ff96-44a6-8241-6c24ae7a11a3,numbat.digital,available,3.49,41.49,medium,low,6,namesilo,,,22/09/2026 01:07
ec8782d4-7ff2-44a5-8ab2-5c5bf97c1877,distantly.digital,available,2.98,53.98,medium,low,9,namecheap,,,14/09/2026 13:17
f51c23a4-e74f-41d8-bb22-d6c227cbb8d8,tottering.digital,available,2.98,53.98,medium,low,9,namecheap,,,11/09/2026 18:14
5d9d83c0-d595-4325-b4bf-904c705bca82,elemental.digital,resell,,,high,low,9,"Global Domains International, Inc. DBA DomainCostClub.com",16/11/2025 15:16,16/11/2026 15:16,16/08/2026 03:29
9ebbc88c-35fd-449e-97d0-436a1e7eee03,reception.digital,premium,46.2,92.4,high,low,9,namecheap,,,
439958ce-8059-44ad-afe0-12c96bbbdc8c,hopefully.digital,available,2.99,,high,low,9,name.com,,,
89db2352-5c42-4e5d-96a6-d56c77f8ef8c,impute.digital,available,3.49,41.49,medium,low,6,namesilo,,,21/09/2026 02:18
f416724b-50bb-4e28-9689-69f091be4d26,appendix.digital,available,2.98,53.98,high,low,8,namecheap,,,19/09/2026 20:40
60b35654-a567-4eb8-b7a4-34f07e6e295f,jangling.digital,available,2.98,53.98,medium,low,8,namecheap,,,22/08/2026 12:19
3f6b3abf-38bc-4bf3-b201-3e797a046f66,ergonomic.digital,resell,,,high,low,9,"Spaceship, Inc.",08/01/2026 19:35,08/01/2027 19:35,17/08/2026 12:11
b9abea0f-7d8e-4f39-98c7-8b59929b98c3,abwatt.digital,available,2.98,53.98,medium,low,6,namecheap,,,16/09/2026 19:39
eeb6fe15-2f05-48a1-8a79-edd65f1b99fb,sonsy.digital,available,2.98,53.98,medium,low,5,namecheap,,,10/08/2026 20:35
73b89465-b62b-438f-bf42-de861a389e2d,evilly.digital,available,2.98,53.98,low,low,6,namecheap,,,14/09/2026 16:42
0bc16ecc-c235-4d11-a990-15b75d69dfca,diva.digital,resell,,,high,low,4,"Global Domains International, Inc. DBA DomainCostClub.com",25/10/2025 15:15,25/10/2026 15:15,
7efc973f-8423-4e55-9e93-85072c69c438,genic.digital,available,2.98,53.98,high,low,5,namecheap,,,18/08/2026 21:35
59243a37-03f7-4330-882c-a482a1752073,bowhead.digital,available,2.98,53.98,medium,low,7,namecheap,,,21/09/2026 20:32
51a96aba-d9e3-46df-a1d4-263a4ba4adcd,sitting.digital,available,2.99,,high,low,7,name.com,,,
66084d35-efae-49e6-929d-c3fc48640c4f,paniculate.digital,available,2.98,53.98,medium,low,10,namecheap,,,05/09/2026 01:01
2af7b391-c9cf-409d-a0f1-073c02b85dfd,gaming.digital,resell,,,high,low,6,Dynadot Inc,13/01/2019 19:59,13/01/2027 19:59,
212c61ba-6169-4cb0-8cc7-4b7c024e7e02,stilted.digital,available,2.98,53.98,medium,low,7,namecheap,,,10/09/2026 20:37
1c18daa1-3a0f-4aad-89d1-c196305bd730,ramsey.digital,available,2.98,53.98,high,low,6,namecheap,,,25/09/2026 15:22
7e19a066-1254-4fd2-91ff-41398c837d5d,lutetium.digital,available,3.49,41.49,medium,low,8,namesilo,,,20/09/2026 23:39
b995bf62-37f6-4da7-92a8-338159191140,anklebone.digital,available,3.49,41.49,medium,low,9,namesilo,,,19/09/2026 09:43
59c170db-3511-4c8c-a305-3e521ec420e6,beano.digital,available,2.98,53.98,medium,low,5,namecheap,,,22/09/2026 20:40
c46757b4-6f88-441d-9dbb-3785ec3ac338,prolonged.digital,available,2.98,53.98,high,low,9,namecheap,,,14/08/2026 18:34
c4d0f603-9774-4340-99a3-20c3150a8bd8,protestant.digital,available,2.98,53.98,high,low,10,namecheap,,,09/09/2026 04:08
3cdb9b72-5666-4050-bb98-cade3dae51b2,sheep.digital,resell,,,high,low,5,,,,25/09/2026 10:41
023b49ad-e490-4892-9fa3-12b6486e4826,auburn.digital,resell,,,high,low,6,"Sav.com, LLC",10/04/2026 21:14,10/04/2027 21:14,26/09/2026 04:07
80fe5a94-18f6-4615-80ad-f16575038663,diplomatic.digital,available,3.49,41.49,high,low,10,namesilo,,,24/09/2026 10:36
0172be84-08d8-44eb-91a2-4d9bb5a20069,exulting.digital,available,2.98,53.98,high,low,8,namecheap,,,17/08/2026 19:44
e420cf67-7a62-4664-81b1-52137fc31bfe,salubrious.digital,available,2.98,53.98,high,low,10,namecheap,,,20/08/2026 16:33
544051f1-9756-4c67-90f8-0ad63de8b45e,archil.digital,available,3.49,41.49,medium,low,6,namesilo,,,20/09/2026 02:06
69105d02-b1fd-4601-91d7-de236a297525,amongst.digital,available,2.99,41.49,medium,low,7,namesilo,,,
49c88a52-f6b7-4b60-a55f-7c6e28354595,instate.digital,available,2.99,,medium,low,8,name.com,,,
00efcbcb-1d35-4541-8f88-71e274ee8601,oakland.digital,premium,46.2,92.4,high,low,7,namecheap,,,
37739d03-5f11-4961-aeb0-9034b5e50891,gleaming.digital,available,2.98,53.98,high,low,8,namecheap,,,
2bc3f7a8-5eb2-4b91-951c-78f0864ecc5f,healthful.digital,available,2.98,53.98,high,low,9,namecheap,,,21/08/2026 02:02
ea78ee8f-38e3-4c0c-b6f9-31bf35c3f3b3,ankus.digital,available,3.49,41.49,medium,low,5,namesilo,,,19/09/2026 09:49
4c124f62-a6de-4331-8570-29130e646b95,wretched.digital,available,2.98,53.98,medium,low,8,namecheap,,,14/08/2026 04:09
ff30d6c4-927b-4113-adf7-39fadcd68fbe,bottom.digital,premium,42.9,85.8,high,low,6,namecheap,,,09/08/2026 11:50
43c8548a-d7b0-49de-96f5-d5f4997148fa,loss.digital,resell,,,high,low,4,Dynadot Inc,05/11/2025 22:22,05/11/2026 22:22,
b25bc864-332e-44aa-9da6-6cc8da965a8b,ignorant.digital,available,2.98,53.98,high,low,8,namecheap,,,21/08/2026 18:27
61e7638b-ffd6-42c9-947b-0eaed4dad506,scanty.digital,available,2.98,53.98,medium,low,6,namecheap,,,09/09/2026 22:38
81031995-a799-4942-88d5-5f6e373a89c1,ellipsoid.digital,available,2.98,53.98,medium,low,9,namecheap,,,16/08/2026 04:37
f2efb9fd-3dd5-4198-bbab-870663525784,xxxv.digital,available,2.98,53.98,medium,low,4,namecheap,,,
f3c7b613-c7f5-43a4-82d2-82e3e874d86c,delusion.digital,available,3.49,41.49,high,low,8,namesilo,,,24/09/2026 21:45
b141839a-5afd-4638-8928-5b0ac10c7f19,elizabeth.digital,resell,,,high,low,9,,,,25/09/2026 05:29
56f32422-6e47-4afd-88ed-045ef2b998a1,tasseled.digital,available,2.98,53.98,medium,low,8,namecheap,,,11/09/2026 08:52
590c07a9-6f16-48b5-8700-82afbe3beadb,diffusely.digital,available,2.98,53.98,medium,low,9,namecheap,,,14/09/2026 12:36
e1ef1fe9-4c27-42d1-894d-3accebc09018,regional.digital,premium,42.9,85.8,high,low,8,namecheap,,,
6263fa5b-f850-4483-94f4-58a6d334acfd,superman.digital,premium,69.3,138.6,high,low,8,namecheap,,,
02f3bb53-05fc-44e8-9f3b-d58baa335716,subsurface.digital,available,2.98,53.98,high,low,10,namecheap,,,11/09/2026 00:52
5c1094ed-181d-458a-9627-fc50cb420d01,sacrificial.digital,available,2.99,,high,low,11,name.com,,,
fd204d63-3fbd-4261-a92d-8a967bfcb87c,swishy.digital,available,2.98,53.98,medium,low,6,namecheap,,,11/09/2026 05:54
bbfe86ad-ec0b-47cc-a85d-2ecbeefee32d,archer.digital,resell,,,high,low,6,Porkbun LLC,29/12/2020 12:55,29/12/2026 12:55,26/09/2026 03:58
c3ea9a9e-9afb-42ae-92f4-433c0d71b14e,mattresses.digital,available,3.49,41.49,medium,low,10,namesilo,,,20/09/2026 14:45
f80c51e0-c815-4161-a9b8-ca0298f8ba29,pecuniary.digital,available,2.98,53.98,medium,low,9,namecheap,,,25/08/2026 04:35
eabeadfd-1f8d-4c4f-a3b4-2b66b3f28998,ducal.digital,available,2.98,53.98,medium,low,5,namecheap,,,14/08/2026 20:44
5358e5e4-55a5-487b-99e9-44131ea90c55,hurry.digital,resell,,,high,low,5,"Sav.com, LLC",12/09/2025 21:07,12/09/2026 21:07,
ecc7a624-5e02-4bf3-aee9-8c833aab2580,themselves.digital,available,3.49,41.49,medium,low,10,namesilo,,,25/09/2026 16:52
dc14fa08-4744-4551-b5d8-7f14cbba744b,scary.digital,available,2.98,53.98,high,low,5,namecheap,,,12/08/2026 05:23
daab88b1-a05f-43a2-91d2-fc9309c23382,sympathy.digital,available,2.99,,high,low,8,name.com,,,
c55b2418-12be-4a53-8991-379602218e33,purely.digital,resell,,,high,low,6,"Sav.com, LLC - 2",02/08/2026 15:15,02/08/2027 15:15,15/09/2026 22:05
0ea161f5-88f7-4a16-b616-ceb88277d179,clonal.digital,available,2.98,53.98,medium,low,6,namecheap,,,12/08/2026 12:01
3fcf39f4-acf0-45ea-9d92-f786473f1335,feminism.digital,available,2.99,41.49,high,low,8,namesilo,,,
9cf3a46c-a966-4bdc-9bf3-0b49f539c4ee,uncrowned.digital,available,2.98,53.98,medium,low,9,namecheap,,,13/08/2026 08:36
9179dc37-0eb5-4a0e-8266-b9bb4e8c34c6,dye.digital,premium,69.3,138.6,high,low,3,namecheap,,,
e863d878-12af-4998-b5d7-e5bb702856a7,nihilist.digital,available,3.49,41.49,medium,low,8,namesilo,,,19/09/2026 02:26
408cecb2-cc12-44bc-b587-2af4ac78e441,apatura.digital,available,3.49,41.49,medium,low,7,namesilo,,,19/09/2026 16:22
4776d4a1-7dab-4f1f-a656-03174474bd1d,bermudian.digital,available,2.98,53.98,medium,low,9,namecheap,,,09/08/2026 15:15
48e5b13b-7ea8-40da-9fb3-8f4d1805a54f,ajax.digital,resell,,,high,low,4,"Sav.com, LLC - 8",27/08/2026 15:15,27/08/2027 15:15,26/09/2026 01:28
8c9ee89f-8f34-491b-ab92-bab9f5386cf1,pursuit.digital,resell,,,high,low,7,,,,21/09/2026 09:41
df6cd7ce-1fe9-41ce-90d6-343f96732415,devoting.digital,available,3.49,41.49,medium,low,8,namesilo,,,17/09/2026 17:04
591bf871-291f-4b47-af1c-59ad5deaf8bd,dishy.digital,available,2.98,53.98,medium,low,5,namecheap,,,14/08/2026 11:03
e1e5f4ba-e6e6-4edf-b01d-f209fa8e5713,ametria.digital,available,2.98,53.98,medium,low,7,namecheap,,,18/09/2026 21:07
dd7f2c21-dd31-4d41-a824-01e36179f8bf,churning.digital,available,2.98,53.98,high,low,8,namecheap,,,12/08/2026 07:51
24d6aa20-6fb0-4b8c-8624-3a1b32f2aa64,notifiable.digital,available,2.98,53.98,medium,low,10,namecheap,,,03/09/2026 22:10
127042ae-834c-4878-a56c-9a055f2517d8,omnipotent.digital,available,2.98,53.98,high,low,10,namecheap,,,
e7ffa481-4657-4d92-9fc3-f4882ce4d721,hmong.digital,available,2.98,53.98,high,low,5,namecheap,,,21/08/2026 10:02
42d8ffb6-5473-406a-b970-a02b04e88d4e,fraud.digital,resell,,,high,low,5,"Sav.com, LLC - 8",17/10/2025 15:15,17/10/2026 15:15,
97f8e6c4-c845-4b2a-ae84-b0feb0db2503,hurtful.digital,available,2.98,53.98,medium,low,7,namecheap,,,14/08/2026 00:28
57ac012a-9b25-49f1-8ec1-fb7fa6f7e5fe,arrive.digital,resell,,,high,low,6,"Sav.com, LLC - 10",04/08/2026 15:15,04/08/2027 15:15,26/09/2026 04:02
43097086-b403-42d4-a8db-d0aba61803af,jovially.digital,available,2.98,53.98,medium,low,8,namecheap,,,15/09/2026 09:51
fcd50957-6bda-4e8a-9476-b12d227bba71,unsigned.digital,available,2.98,53.98,medium,low,8,namecheap,,,12/09/2026 19:55
4b715f90-516f-46aa-ac9c-dd5600314748,edacious.digital,available,2.98,53.98,medium,low,8,namecheap,,,15/08/2026 05:24
278bedd7-a336-44cb-8e26-04a40e255934,management.digital,premium,78.54,78.54,high,low,10,namesilo,,,19/09/2026 14:24
011acad5-a79b-4c7d-8371-06d08ea1b8a0,animalism.digital,available,3.49,41.49,medium,low,9,namesilo,,,19/09/2026 08:55
78676bdc-8b29-45a2-a2b8-0627bed16760,winy.digital,available,2.98,53.98,medium,low,4,namecheap,,,13/09/2026 12:25
8d35c1b8-d07d-4ffc-8119-0c1820959f01,tubular.digital,available,2.98,53.98,medium,low,7,namecheap,,,11/08/2026 17:14
bd9b0c5e-622c-4837-a601-83871909f49b,mud.digital,premium,38.94,38.94,high,low,3,namesilo,,,25/09/2026 09:31
4ad5aaaf-6709-4a60-8c6d-f3fe9fffb5be,barite.digital,available,2.98,53.98,medium,low,6,namecheap,,,22/09/2026 06:13
9c1ff256-af49-4bdd-baa5-2b743c81622d,asbestosis.digital,available,3.49,41.49,medium,low,10,namesilo,,,20/09/2026 12:56
b068d42d-63ef-4d98-962e-c9552581d144,unharmed.digital,available,2.98,53.98,high,low,8,namecheap,,,12/09/2026 12:00
45123beb-6db0-4202-bad9-e61ebd76a00c,bankruptcy.digital,resell,,,high,low,10,,,,22/09/2026 02:50
a9e7517c-40bd-4644-8255-2a496cf2db53,altissimo.digital,available,2.98,53.98,medium,low,9,namecheap,,,
a6e6ff7b-2004-4b69-aa37-44c35a982e67,charitably.digital,available,2.98,53.98,medium,low,10,namecheap,,,14/09/2026 06:19
a8e5c669-0412-4396-8f21-fd53fb195012,modeler.digital,available,2.99,,high,low,7,name.com,,,
9f190d92-262e-434a-bbfd-f97eb73c6215,punishment.digital,available,3.49,41.49,high,low,10,namesilo,,,25/09/2026 09:51
6f73398f-bbc2-4b57-8d38-93a75706ef8c,fort.digital,resell,,,high,low,4,Dynadot Inc,01/07/2025 17:00,01/07/2027 17:00,17/09/2026 08:33
f2a94072-8656-4507-bc85-398e3337c2cc,summery.digital,available,2.98,53.98,high,low,7,namecheap,,,11/09/2026 01:38
e63f73f8-8eb7-4707-8133-6d1c50334c8e,poop.digital,resell,,,high,low,4,"Sav.com, LLC - 41",19/06/2026 15:15,19/06/2027 15:15,24/08/2026 10:29
9e63b390-4817-4c11-b910-054b31a99528,downhill.digital,available,2.98,53.98,medium,low,8,namecheap,,,13/08/2026 21:49
2de294f7-a0f8-4abf-86c4-59127179128b,appetiser.digital,available,2.98,53.98,high,low,9,namecheap,,,19/09/2026 20:48
8318f94d-0ef9-49bf-86e3-53d71622b4fd,flurry.digital,available,3.49,41.49,high,low,6,namesilo,,,17/09/2026 09:17
5dbb4ced-b881-417d-a7ef-ea2516729bd4,gladsome.digital,available,2.98,53.98,high,low,8,namecheap,,,19/08/2026 00:13
47feb6b2-e0e5-4a44-8a92-a77a0a403040,millilitre.digital,available,2.98,53.98,medium,low,10,namecheap,,,11/08/2026 22:55
83d78674-ea2a-428f-8acc-c16b7fc7466e,dandyish.digital,available,3.99,54.99,medium,low,8,name.com,,,13/08/2026 17:03
4036a546-8ed0-4b37-b902-b14d43460737,proud.digital,resell,,,high,low,5,"Sav.com, LLC - 6",25/04/2026 15:16,25/04/2027 15:16,
742f938b-05f7-4598-a675-f6b8b547b63f,lxxxvi.digital,available,2.98,53.98,medium,low,6,namecheap,,,
2aa9d738-aac0-4343-8d32-e83f4b4a773a,aidoneus.digital,available,3.99,54.99,medium,low,8,name.com,,,17/09/2026 20:53
8303c515-5eb9-432d-88b6-9d706e52df79,burst.digital,resell,,,high,low,5,,,,24/09/2026 10:35
2039b896-d9e8-4470-82f1-258f8d4e7914,relating.digital,available,2.99,,high,low,8,name.com,,,
59e7c824-f271-473b-84c2-e5f852ea24e8,jersey.digital,available,,,high,high,6,,,,
d59d2dd0-790e-4c82-a724-1ce7c1e55346,err.digital,premium,46.2,92.4,high,low,3,namecheap,,,
48831603-f991-4b71-9fd0-8d6909dac89a,saccharine.digital,available,2.98,53.98,medium,low,10,namecheap,,,12/08/2026 12:48
95ca2801-6be0-44bc-9862-31d5bc290e37,webs.digital,resell,,,high,low,4,,,,20/09/2026 10:33
85103583-7cb3-4c16-a219-b722fe25f784,illusion.digital,resell,,,high,low,8,"Global Domains International, Inc. DBA DomainCostClub.com",17/01/2022 13:15,17/01/2027 13:15,24/09/2026 16:35
8a437701-c34c-4126-99eb-a9f764e5a2a6,song.digital,premium,23.1,46.2,high,low,4,namecheap,,,
64c6b762-f9e8-48fb-a47f-c49ed4438a17,stephenson.digital,available,3.49,41.49,high,low,10,namesilo,,,25/09/2026 06:30
90cba0ca-39bc-4f1c-9dfc-6334858ac0ac,cameras.digital,resell,,,high,low,7,,,,25/09/2026 20:54
9b323eab-3598-43e3-9360-efba9ab75bd9,vocal.digital,resell,,,high,low,5,"Sav.com, LLC - 36",01/05/2026 15:15,01/05/2027 15:15,26/09/2026 03:23
e848ce26-8e59-408d-8e85-2f2738ae265a,prochoice.digital,available,2.99,,high,low,10,name.com,,,
c4127102-d38d-403c-93dd-55fe9b368e7f,mayhap.digital,available,2.98,53.98,medium,low,6,namecheap,,,15/09/2026 13:45
ee0e3232-1749-4180-9693-360cd2dafb7d,stabilized.digital,available,2.98,53.98,medium,low,10,namecheap,,,10/09/2026 17:54
27cbd01a-9c15-449f-b307-ca97ef39a785,animal.digital,resell,,,high,low,6,"Spaceship, Inc.",22/08/2020 15:32,22/08/2027 15:32,26/09/2026 03:53
0912218c-fb36-4ce0-8064-58d5d24cd29f,incestuous.digital,available,2.98,53.98,medium,low,10,namecheap,,,22/08/2026 01:12
672f62bb-de47-4f39-9ae6-71e64dc0511d,approving.digital,available,2.98,53.98,medium,low,9,namecheap,,,06/08/2026 08:49
ddc7bcd1-d154-410c-a45b-90f4ddf2ffec,zymoid.digital,available,2.98,53.98,medium,low,6,namecheap,,,13/09/2026 15:55
4a941d0a-698e-4a60-885c-d512cf4328f0,yobo.digital,available,2.98,53.98,medium,low,4,namecheap,,,11/08/2026 08:48
90555c24-db76-49c8-849c-c7256ec5ecba,carriage.digital,available,2.99,41.49,high,low,8,namesilo,,,
5bb58deb-2a1c-4324-8919-e8240b6b2396,audad.digital,available,3.49,41.49,medium,low,5,namesilo,,,18/09/2026 22:16
23dab29f-c573-4294-86e8-8f094433da06,resultant.digital,available,2.98,53.98,high,low,9,namecheap,,,
c94e594c-dbf6-4573-8f44-128983f01697,overtly.digital,available,2.98,53.98,medium,low,7,namecheap,,,15/09/2026 18:31
19b8ecdf-e74b-46af-9522-91224fb6383d,tests.digital,resell,,,medium,low,5,,,,17/09/2026 22:12
43f61758-3a7a-44a5-96d5-9111f7372953,artist.digital,resell,,,high,low,6,"Spaceship, Inc.",31/01/2024 00:57,31/01/2027 00:57,26/09/2026 04:03
12b8c72c-bc59-471c-bc62-d4b179cfdc17,ballota.digital,available,3.49,41.49,medium,low,7,namesilo,,,21/09/2026 23:16
86ec1877-669b-4581-bfa2-0e5348a8ced5,bruise.digital,available,2.99,41.49,high,low,6,namesilo,,,
b2ccb73f-68ee-41f4-855b-25c8f0a2cf59,waning.digital,available,2.98,53.98,high,low,6,namecheap,,,13/09/2026 08:04
98f9d10b-c9e2-4c52-9d56-d3ed082b450f,phantasma.digital,available,2.98,53.98,high,low,9,namecheap,,,08/09/2026 18:38
2f331ccb-c3de-4a56-b9f7-6dd439a54bed,barring.digital,available,2.99,41.49,medium,low,7,namesilo,,,
787e1d7e-7776-4ae3-9ac7-4fbe40b5258f,zest.digital,resell,,,high,low,4,"Sav.com, LLC - 6",26/04/2025 15:15,26/04/2027 15:15,
3380a3f4-3b8c-496c-9158-a42479ee6e5f,cerium.digital,available,2.98,53.98,high,low,6,namecheap,,,14/09/2026 06:07
1356407c-cdde-42c6-88fd-7456329e6c21,container.digital,premium,46.2,92.4,high,medium,9,namecheap,,,
a55d1e57-9387-4267-9048-82478ce22515,xxxii.digital,available,2.98,53.98,medium,low,5,namecheap,,,
e25f7aa5-1432-42a7-b19f-3c6f59f2dfb4,partisan.digital,available,2.98,53.98,high,low,8,namecheap,,,08/09/2026 02:07
0a375eb5-7357-4cec-b3c5-baa3791a956b,accessories.digital,resell,,,medium,low,11,"Sav.com, LLC - 9",28/08/2025 15:15,28/08/2027 15:15,26/09/2026 01:20
1c2cb9d5-9330-4b26-96d2-7cc22375885f,neckless.digital,available,2.98,53.98,low,low,8,namecheap,,,03/09/2026 14:41
2c2d626f-f97a-46b8-bdd9-537979a713ec,foursquare.digital,available,2.98,53.98,high,low,10,namecheap,,,18/08/2026 13:48
989a06e9-1e38-448c-b81e-a1bc3e7c9549,abenaki.digital,available,2.98,53.98,medium,low,7,namecheap,,,
d8be8574-9432-4f1e-b8bf-c796ecc7d54d,criterion.digital,resell,,,high,low,9,"GoDaddy.com, LLC",04/03/2024 19:58,04/03/2027 19:58,
30cd7d74-4f41-4b83-9d6b-e810273062c7,eolic.digital,available,3.49,41.49,low,low,5,namesilo,,,17/09/2026 12:36
13f77367-ddad-43d6-8644-d1b4efc67586,cheating.digital,available,2.98,53.98,medium,low,8,namecheap,,,12/08/2026 03:32
f3b5ebb2-8725-487a-9be1-5edcc9d45b36,blanch.digital,available,2.98,53.98,medium,low,6,namecheap,,,04/09/2026 23:27
645c686d-3757-40e1-aa70-78ab600699e9,rheumatism.digital,available,3.49,41.49,medium,low,10,namesilo,,,21/09/2026 00:56
0060004c-1584-41ca-b8ed-63d565fd9316,window.digital,premium,46.2,92.4,high,low,6,namecheap,,,
6dc5154e-7e44-45db-ba9a-52859bd8f5a2,fashioned.digital,available,2.98,53.98,high,low,9,namecheap,,,17/08/2026 23:02
3d5c0432-41bf-4f4a-b2a7-bc52778747d4,offprint.digital,available,2.98,53.98,medium,low,8,namecheap,,,10/09/2026 03:57
6811ee3c-b354-4525-aa18-2c159c2d2c42,reviving.digital,available,2.98,53.98,high,low,8,namecheap,,,09/09/2026 14:08
1339cc30-d498-41a7-951d-db1b020c1706,acinar.digital,available,2.98,53.98,medium,low,6,namecheap,,,
c9b5f1e8-1c80-4e0d-b139-1bd74cdda4b3,sulphuric.digital,available,2.98,53.98,medium,low,9,namecheap,,,11/09/2026 01:27
ed7d87d1-41d4-42a6-ae8e-3a3bfeb6f237,unusually.digital,available,2.98,53.98,medium,low,9,namecheap,,,15/09/2026 23:04
19f38c8c-f4fd-48df-8981-a17a25d4b7e1,burial.digital,available,3.49,41.49,medium,low,6,namesilo,,,24/09/2026 11:18
27f4de13-5c8a-490c-8fcc-b70ce7c68a71,involving.digital,available,2.99,,medium,low,9,name.com,,,
67db1374-f7a2-44c0-b310-df190008c947,archean.digital,available,2.98,53.98,medium,low,7,namecheap,,,06/08/2026 15:05
2114ebaf-4052-4732-85c2-5b6254c3f25e,undiluted.digital,available,2.98,53.98,medium,low,9,namecheap,,,12/09/2026 08:03
0073d264-04d1-4e55-9d74-4e70815a6ffa,showered.digital,available,3.49,41.49,medium,low,8,namesilo,,,20/09/2026 16:51
027af54f-8509-44ce-a070-d4911421850e,linelike.digital,available,2.98,53.98,medium,low,8,namecheap,,,23/08/2026 15:03
cb9c11b5-ba09-4e27-81ee-8b2575e7618c,christopher.digital,resell,,,high,low,11,,,,25/09/2026 13:15
094534ee-1195-4939-93d8-9e7d17f4524c,skillfully.digital,available,2.98,53.98,high,low,10,namecheap,,,16/09/2026 02:07
a36d5971-cfd8-418c-a625-73eee2c154d9,debar.digital,available,3.99,54.99,medium,low,5,name.com,,,22/09/2026 03:43
5e17be76-2d85-4cec-bacd-78fb713198c7,fanciful.digital,available,2.98,53.98,high,low,8,namecheap,,,17/08/2026 21:56
a4c6abb4-945d-4eeb-abfd-acd7c9c7e470,amicable.digital,available,3.49,41.49,high,low,8,namesilo,,,22/09/2026 04:19
7d5e287b-002b-4765-bdc8-22dc40b4c408,aerophagia.digital,available,3.49,41.49,medium,low,10,namesilo,,,17/09/2026 13:11
f2a7eb4d-b9fd-4a2a-ae7a-2f04baeeeb77,apery.digital,available,3.49,41.49,medium,low,5,namesilo,,,19/09/2026 16:43
16f8ac81-8b5e-4727-b582-b1e613eb3a48,uncolored.digital,available,2.98,53.98,medium,low,9,namecheap,,,12/09/2026 02:06
d4fa95db-4460-4abf-bac1-b0b9c8589675,scruples.digital,available,3.49,41.49,high,low,8,namesilo,,,24/09/2026 17:26
bd136895-7f4e-4a37-858c-397e4f3c68d9,untraveled.digital,available,2.98,53.98,medium,low,10,namecheap,,,12/09/2026 21:42
e7ec521e-da24-409b-878c-44442f718f84,abruzzi.digital,available,3.49,41.49,medium,low,7,namesilo,,,16/09/2026 17:28
95623b0d-55ec-4310-8fec-c2a72c86ee77,tunas.digital,available,2.98,53.98,medium,low,5,namecheap,,,19/09/2026 22:09
56f82abc-4304-4382-9bf2-aeed4aba5ebe,quickest.digital,available,2.98,53.98,medium,low,8,namecheap,,,14/09/2026 17:48
69f0f6fc-d866-45e1-ab5a-fde08da6efc3,immortal.digital,resell,,,high,low,8,"Sav.com, LLC - 1",20/08/2025 15:15,20/08/2027 15:15,21/08/2026 21:12
59623255-5ab0-4228-8f16-2fe1ab8060d9,enthusiasm.digital,available,2.99,41.49,high,low,10,namesilo,,,
7ffed434-cba5-43bc-8874-4116711c52c1,intensely.digital,available,2.98,53.98,high,low,9,namecheap,,,15/09/2026 08:54
1bb07c16-7d82-4005-8d14-6a1d38b9fe5d,arboreous.digital,available,2.98,53.98,medium,low,9,namecheap,,,06/08/2026 12:59
a5b4df20-5008-441c-926e-4f277fc2179a,goit.digital,available,3.49,41.49,high,low,5,namesilo,,,17/09/2026 17:43
e5b4cbbe-7458-4e28-b2bb-584bd2215490,writhing.digital,available,2.98,53.98,medium,low,8,namecheap,,,13/09/2026 13:45
fbbf9939-c745-4454-906c-c3782f9a7777,gingery.digital,available,2.98,53.98,high,low,7,namecheap,,,18/08/2026 23:53
f679c555-5cfb-4334-b4c1-5d6344f6229e,jowly.digital,available,2.98,53.98,medium,low,5,namecheap,,,14/08/2026 16:48
0e8b66a3-2983-4eaf-85cd-264ac3883dc9,chalkboards.digital,available,3.49,41.49,low,low,11,namesilo,,,19/09/2026 23:25
2e23d11d-17df-4eff-948d-f065dab54101,defaulted.digital,available,3.49,41.49,low,low,9,namesilo,,,21/09/2026 07:28
7226be92-7238-44fa-8a7c-813f57f2cb3f,outlet.digital,resell,,,high,low,6,"Sav.com, LLC - 16",14/09/2025 15:15,14/09/2026 15:15,
4b79451e-4aa7-455e-9698-091c4a72a13a,squishy.digital,available,2.98,53.98,medium,low,7,namecheap,,,10/09/2026 16:26
b8ea92cf-c89a-46ab-b850-f524fd3f1bf0,trenchant.digital,available,2.98,53.98,medium,low,9,namecheap,,,12/08/2026 10:33
d89315e0-dc38-4eeb-a78b-12b41dead46b,lately.digital,available,2.99,,high,low,6,name.com,,,
cad0088d-f1c3-474e-bac8-761155e94243,ropeway.digital,available,2.98,53.98,medium,low,7,namecheap,,,17/09/2026 12:50
99bcd06f-f5d4-49f0-9925-946bb03caf71,fierily.digital,available,2.98,53.98,low,low,7,namecheap,,,14/09/2026 18:22
d83f0230-6e55-4903-9b92-b322c7824afc,hallux.digital,available,3.49,41.49,medium,low,6,namesilo,,,23/09/2026 14:56
2cc1b0be-9d82-48f6-bfc7-094c524c6e54,haunted.digital,resell,,,high,low,7,"Sav.com, LLC - 42",20/12/2025 15:15,20/12/2026 15:15,21/08/2026 01:31
c1b19f4e-c83d-49c9-989b-d0a9d1aa07cf,jillion.digital,available,2.98,53.98,medium,low,7,namecheap,,,11/09/2026 19:52
cccfe086-032e-4769-94be-bb27addd248c,prow.digital,available,2.98,53.98,medium,low,4,namecheap,,,18/08/2026 11:28
c6f12c5d-a115-4c0c-9849-4ed92d394a63,organization.digital,resell,,,high,low,12,"Sav.com, LLC - 9",02/08/2026 15:15,02/08/2027 15:15,25/09/2026 03:13
24291203-749c-40b8-aeac-3697ed37182a,spangly.digital,available,2.98,53.98,medium,low,7,namecheap,,,18/08/2026 21:20
4aeea865-0ab9-499b-bc2c-be2779fe15bd,adjustor.digital,available,3.49,41.49,medium,low,8,namesilo,,,17/09/2026 08:34
170e325f-eed5-4b1b-b2b3-ff048f240d16,laughing.digital,available,3.49,41.49,high,low,8,namesilo,,,25/09/2026 16:41
8467ef37-7463-4bfa-a7aa-2b3184c4d0cf,naif.digital,available,2.98,53.98,high,low,4,namecheap,,,03/09/2026 12:52
594736a6-ce8d-40ac-a5d8-ae79b17783dd,hassium.digital,available,3.49,41.49,medium,low,7,namesilo,,,20/09/2026 22:10
057ab38d-cf0a-49d8-a040-9a3b8b788e32,anomie.digital,available,3.49,41.49,medium,low,6,namesilo,,,19/09/2026 11:29
74c7b89a-6e50-4632-bb7c-8035c204bea4,conformist.digital,available,2.98,53.98,medium,low,10,namecheap,,,12/08/2026 21:13
114f1b32-ed36-4bec-a1fc-a16bed5b24bf,maltese.digital,premium,42.9,85.8,high,low,7,namecheap,,,24/08/2026 14:15
f349d8b2-3cf5-40c0-b27a-3a3f9b33b76b,obscene.digital,available,2.98,53.98,high,low,7,namecheap,,,
87562b87-8f50-4c65-92d8-21db1d92ee85,impossibly.digital,available,2.98,53.98,medium,low,10,namecheap,,,15/09/2026 04:27
28741097-2a41-4c93-a557-01a4ef0fc08c,graphic.digital,resell,,,high,low,7,"Spaceship, Inc.",14/08/2024 17:00,14/08/2027 17:00,20/08/2026 18:09
da5a3550-15a8-418c-91ea-43d6480bd706,shambolic.digital,available,2.98,53.98,medium,low,9,namecheap,,,10/09/2026 05:51
4b5e905c-eac0-491f-8728-7d49aa2e07ab,jawed.digital,available,2.98,53.98,medium,low,5,namecheap,,,22/08/2026 12:32
54cccb98-5b16-4701-91dc-d4f2969b7079,sternly.digital,available,3.49,41.49,medium,low,7,namesilo,,,16/09/2026 07:01
5b8b1bcd-6b79-4def-b37d-8e51cc364521,descriptions.digital,available,3.49,41.49,medium,low,12,namesilo,,,21/09/2026 07:06
ab83ad6d-2574-49a9-a261-914940b247d3,beerbohm.digital,available,3.49,41.49,medium,low,8,namesilo,,,23/09/2026 01:47
cdb3ee41-b782-42cf-9320-aa57f3615ef1,hyperfine.digital,available,2.98,53.98,medium,low,9,namecheap,,,21/08/2026 16:48
f836d285-c62d-4f70-8733-6b1aac45f3c5,futurity.digital,available,2.98,53.98,high,low,8,namecheap,,,18/08/2026 19:11
3bd13c6a-a5ae-44c5-a560-873ae9ff0a93,ascension.digital,resell,,,high,low,9,"Global Domains International, Inc. DBA DomainCostClub.com",04/02/2026 15:16,04/02/2027 15:16,26/09/2026 04:03
0e2f9371-262c-4eb6-9779-5e910a1cafbc,pierogi.digital,available,3.49,41.49,high,low,7,namesilo,,,17/09/2026 14:55
1be394d9-3227-4ed7-9ff1-3a938d092f1e,unabashed.digital,available,2.98,53.98,medium,low,9,namecheap,,,11/09/2026 23:19
96ee4e47-de7d-4cd8-8b73-f3288faf74c3,crowns.digital,available,3.49,41.49,medium,low,6,namesilo,,,18/09/2026 06:26
0a827481-94d4-4b15-8a65-d4daa6f663ef,steadying.digital,available,2.98,53.98,medium,low,9,namecheap,,,10/09/2026 19:39
9a6e2a76-1a97-4677-853f-11f95fa66007,anjou.digital,available,2.98,53.98,high,low,5,namecheap,,,19/09/2026 09:39
266bc7bd-24f3-4d78-a120-8635da9e26f5,technicality.digital,available,2.99,,high,low,12,name.com,,,
4901e7ed-3f8c-41ce-ad84-58c1f04f81a7,enraged.digital,available,2.98,53.98,medium,low,7,namecheap,,,
13775b92-9e69-41e9-a8fd-e002744efcb2,anabaptist.digital,available,2.98,53.98,medium,low,10,namecheap,,,19/09/2026 00:49
42d01880-aad4-4d69-b558-e298d7fba48c,passionately.digital,available,2.99,,high,low,12,name.com,,,
ae5fa7d3-f7fa-4543-b96d-7279317ff85b,boyne.digital,available,2.98,53.98,medium,low,5,namecheap,,,22/09/2026 14:51
75380261-1342-4f1c-8187-47a3d103b5d1,vexer.digital,available,2.98,53.98,medium,low,5,namecheap,,,19/09/2026 10:52
ac69ac46-e1f4-47da-b3c1-6b4b45f5db83,infertile.digital,available,2.98,53.98,medium,low,9,namecheap,,,22/08/2026 04:24
2fda090e-2f60-4a16-b849-e144964d626c,virtually.digital,resell,,,high,low,9,GoDaddy Online Services Cayman Islands Ltd.,15/05/2018 22:08,15/05/2027 22:08,25/09/2026 15:14
0cb73f88-a9eb-4a1d-adbe-3636d86cf20d,antibody.digital,available,3.49,41.49,high,low,8,namesilo,,,19/09/2026 14:14
d8d5eb53-f074-4283-91a4-c725b454e0f0,memorably.digital,available,2.98,53.98,medium,low,9,namecheap,,,15/09/2026 14:01
2c7e3c30-f33d-488c-a8d3-df725fbaae30,uncrossed.digital,available,2.98,53.98,medium,low,9,namecheap,,,12/09/2026 06:33
3e884268-7057-43d9-82a3-a2041ab32d75,lighten.digital,available,2.99,,high,low,7,name.com,,,
0e1d9ff4-c6b7-4812-9a5a-5a3202b3e0a3,biogeny.digital,available,2.98,53.98,medium,low,7,namecheap,,,23/09/2026 18:05
c83260a2-80ed-4402-9551-a7aaece420e2,runaway.digital,available,2.98,53.98,high,low,7,namecheap,,,18/08/2026 17:46
817cf0ea-3298-4c41-ba31-161c683c8451,mottled.digital,available,3.99,54.99,medium,low,7,name.com,,,13/08/2026 17:41
2d698b59-bf39-433f-a7de-c40bfb3e032b,stodgy.digital,available,2.98,53.98,medium,low,6,namecheap,,,18/08/2026 10:04
28de5007-8d80-4b4c-a3e9-60296aef0423,remainder.digital,available,2.98,53.98,high,low,9,namecheap,,,09/09/2026 15:03
f463e97a-cbf6-4ee4-a8c4-81df54327a46,detector.digital,resell,,,high,low,8,,,,24/09/2026 21:49
088462d1-80e4-49ba-a852-b6dfd2d1920b,xliv.digital,available,2.98,53.98,medium,low,4,namecheap,,,
b4e61fe2-a093-4297-b291-1f864c79e405,adenovirus.digital,available,3.49,41.49,medium,low,10,namesilo,,,17/09/2026 07:41
6790b604-0740-4b37-adc1-341b64d3b11b,boniface.digital,available,2.98,53.98,medium,low,8,namecheap,,,19/09/2026 19:19
6fc7467e-f02f-4571-a58a-75647d7af666,homophonic.digital,available,2.98,53.98,medium,low,10,namecheap,,,21/08/2026 13:06
f5e8cd91-b3ce-476a-99c2-f8d3733dee1f,gratis.digital,premium,42.9,85.8,high,low,6,namecheap,,,20/08/2026 18:35
83e805af-d346-42db-ab38-a67ab6dc4e2f,armoire.digital,available,2.98,53.98,medium,low,7,namecheap,,,20/09/2026 07:20
b6ee74b7-d741-41fa-88ec-e5cc2443cf24,recoil.digital,available,3.49,41.49,high,low,6,namesilo,,,21/09/2026 15:32
9b05af04-36d0-406a-848d-81560e949c5e,provoking.digital,available,2.98,53.98,high,low,9,namecheap,,,
fd3a2e14-b4be-4807-837f-1ca56b7c270f,banquet.digital,available,2.98,53.98,high,low,7,namecheap,,,22/09/2026 02:59
541de215-93a5-406b-8880-14714be90398,needfully.digital,available,2.98,53.98,medium,low,9,namecheap,,,15/09/2026 16:20
401b836d-7d5c-4ff0-9f88-be5658044a11,loyally.digital,available,2.98,53.98,medium,low,7,namecheap,,,15/09/2026 13:02
b0df44cf-987d-4cb7-878a-32871788ac5d,auden.digital,available,3.49,41.49,medium,low,5,namesilo,,,21/09/2026 02:48
38bb303a-9976-42ce-ae73-fa66da934a9b,raiding.digital,available,2.98,53.98,medium,low,7,namecheap,,,24/08/2026 15:45
2470df11-b0d1-4a2e-83bf-bf3ef7aa13d2,currently.digital,available,3.49,41.49,high,low,9,namesilo,,,25/09/2026 09:13
dff72d82-29dc-4b40-a953-4b6733100dce,cancellous.digital,available,2.98,53.98,medium,low,10,namecheap,,,11/08/2026 16:31
5aac564f-ab23-42a3-9ca1-a374691e0d64,misconduct.digital,available,3.49,41.49,medium,low,10,namesilo,,,17/09/2026 05:28
048003f6-71ea-4ace-ac64-0f7a24c49b16,grandpas.digital,available,2.98,53.98,medium,low,8,namecheap,,,21/09/2026 09:18
53b4ea24-8391-4bae-8243-45712b29aadf,redeemable.digital,available,2.98,53.98,high,low,10,namecheap,,,11/08/2026 20:14
bd92ea43-5345-47f4-8c13-754afd947404,basseterre.digital,available,3.49,41.49,medium,low,10,namesilo,,,22/09/2026 12:18
1a77c23d-c3fd-46f7-af83-a4ce71dc439e,snowballs.digital,available,3.49,41.49,medium,low,9,namesilo,,,19/09/2026 21:49
272a2fe6-b770-498a-aebc-00b9b8bd2fe6,wristband.digital,available,3.49,41.49,high,low,9,namesilo,,,24/09/2026 07:49
0c74fce6-ac24-4d19-9657-d14af7736a54,improvised.digital,available,2.98,53.98,high,low,10,namecheap,,,21/08/2026 23:19
4111b238-41ba-4ad5-8fff-fcc043e3997a,aggravated.digital,available,2.98,53.98,medium,low,10,namecheap,,,
97696666-91c1-4195-83ff-ee1e6227e85d,pyrogen.digital,available,2.98,53.98,medium,low,7,namecheap,,,09/09/2026 07:01
620eeaf7-26b9-476a-9ca5-dc9a75a5059b,thornton.digital,available,3.49,41.49,high,low,8,namesilo,,,25/09/2026 10:54
c66b016b-84ca-48bb-9d13-22815d8cb521,onion.digital,resell,,,high,low,5,"Sav.com, LLC - 13",01/12/2024 15:15,01/12/2026 15:15,
14758126-52dc-4d49-865e-70980b10698c,cattish.digital,available,2.98,53.98,medium,low,7,namecheap,,,10/08/2026 07:28
91cd03de-0ec5-4258-a1ae-7ea80dfd5d25,dexter.digital,resell,,,high,low,6,"Sav.com, LLC - 26",23/09/2025 15:15,23/09/2026 15:15,14/08/2026 05:26
0cb84470-7a5c-4d8f-97de-ba79f1e4c7c9,taxman.digital,available,3.49,41.49,medium,low,6,namesilo,,,24/09/2026 16:18
d93ccc08-8c3b-4d1e-af9a-2c2ae235db60,opponent.digital,available,2.98,53.98,high,low,8,namecheap,,,04/09/2026 16:36
5577040c-30da-4e06-acc2-dd66153634bc,chess.digital,resell,,,high,medium,5,,,,24/09/2026 10:43
54f4a86f-555c-4985-ab10-861bbbcdd4ea,polyhedral.digital,available,2.98,53.98,medium,low,10,namecheap,,,08/09/2026 23:24
e90c580b-ee91-4513-abba-e247152cff0d,sideboard.digital,available,2.98,53.98,high,low,9,namecheap,,,24/09/2026 10:55
f0d24789-0ad4-4f75-8a13-13832ab548c2,participle.digital,available,2.98,53.98,medium,low,10,namecheap,,,08/09/2026 02:05
5bf26569-4f5d-4127-9b49-f31bd25c003a,overleaf.digital,available,2.98,53.98,medium,low,8,namecheap,,,15/09/2026 18:27
8fc0c2d4-7907-4287-9e64-422834e8f45a,ripple.digital,resell,,,high,low,6,Porkbun LLC,20/09/2020 08:22,20/09/2027 08:22,25/09/2026 13:35
588ee5a6-0a84-41bb-90fb-f4e4a157ebaf,tanned.digital,available,2.98,53.98,high,low,6,namecheap,,,11/08/2026 05:50
cc69a3a2-5ce6-4e94-9a87-8942f770a34c,aphakia.digital,available,3.49,41.49,medium,low,7,namesilo,,,19/09/2026 16:51
f85fba79-777b-4db9-a02d-ec7a6ad23d36,fanny.digital,available,2.98,53.98,medium,low,5,namecheap,,,09/08/2026 12:00
c20b04f6-25d4-4ad5-baea-188473d47287,date.digital,resell,,,high,low,4,"Sav.com, LLC",13/10/2023 07:15,13/10/2026 07:15,
78acda65-5e52-45ab-97e6-bcb739fc2675,curricular.digital,available,2.98,53.98,high,low,10,namecheap,,,13/08/2026 11:29
e55a2b41-2d89-4d8a-806c-08964837c350,uveous.digital,available,2.98,53.98,low,low,6,namecheap,,,13/09/2026 00:24
1cbdf5f2-1552-4d05-9b76-a58d19b1eaa6,aflatoxin.digital,available,3.49,41.49,medium,low,9,namesilo,,,17/09/2026 15:06
bac09db0-f93c-495f-9e25-92a66a99c8c2,conviction.digital,available,2.98,53.98,high,low,10,namecheap,,,24/09/2026 18:01
486aa990-c53c-42e7-b247-8e7acbf4e4bc,blackseed.digital,available,2.98,53.98,medium,low,9,namecheap,,,24/09/2026 03:00
f5da8f86-e008-48cc-8b5e-c69655f8ef3c,menacing.digital,available,2.98,53.98,medium,low,8,namecheap,,,24/08/2026 19:55
36197ff8-10e9-4ba6-a4a5-025b9ff942c8,quintuple.digital,available,2.98,53.98,medium,low,9,namecheap,,,18/08/2026 05:54
4afda692-e9f0-45d2-9668-fcf4a2cdc3ff,saturated.digital,available,2.98,53.98,medium,low,9,namecheap,,,09/09/2026 21:53
1801cafb-a495-448f-858f-ae175a419421,glittering.digital,available,2.98,53.98,high,low,10,namecheap,,,
6a65d22e-42dd-4028-9941-3de06ccd7b13,jason.digital,resell,,,high,low,5,"Sav.com, LLC - 20",08/05/2026 15:15,08/05/2027 15:15,25/09/2026 11:16
2674e44f-cfd5-4675-a653-e87c8e836b39,hundreds.digital,available,2.98,53.98,medium,low,8,namecheap,,,25/09/2026 20:33
143815ca-75e7-4147-9c0d-cfa98090e8cc,sensory.digital,resell,,,high,low,7,Dynadot Inc,12/02/2025 13:39,12/02/2027 13:39,
a2ebc3e5-993f-411a-b7b3-4ab30aed13bd,patois.digital,available,2.98,53.98,medium,low,6,namecheap,,,13/09/2026 04:15
949dafb5-9e84-4d27-ba7f-31b8e873f2f0,icebound.digital,available,2.98,53.98,medium,low,8,namecheap,,,21/08/2026 17:43
835e73ce-6a8a-4146-a3e1-e0b42e7857ef,disarmer.digital,available,2.98,53.98,medium,low,8,namecheap,,,04/09/2026 22:39
3073b892-7e4b-4a34-8bad-2dc8c6d6d811,idly.digital,available,2.98,53.98,high,low,4,namecheap,,,15/09/2026 01:38
2bca2992-7d1c-4dc5-97fa-bb37a559ff44,doctoral.digital,available,2.98,53.98,medium,low,8,namecheap,,,14/08/2026 14:19
808a9fc2-b75d-4918-a0a1-e6db56263055,unburied.digital,available,2.98,53.98,medium,low,8,namecheap,,,12/09/2026 04:40
90ffb840-287f-43da-b83f-af8a6a064ae3,summarizing.digital,available,3.49,41.49,medium,low,11,namesilo,,,17/09/2026 10:36
d4d2d147-8670-4222-9322-f8622cf42b60,tuneless.digital,available,2.98,53.98,medium,low,8,namecheap,,,11/09/2026 21:05
28a0abda-4143-4a31-8fbf-8ab81a93df93,cantaloup.digital,available,3.49,41.49,high,low,9,namesilo,,,24/09/2026 12:08
4a8843c6-67d5-4384-865a-fc6ebf4eea2f,keeper.digital,resell,,,high,low,6,,,,24/09/2026 20:39
56559dba-bf78-42b4-9382-1aea803460a2,drilled.digital,available,2.98,53.98,medium,low,7,namecheap,,,14/08/2026 19:21
7e775e23-6225-4b88-b366-2c1ea541aeee,abstract.digital,resell,,,high,low,8,"Global Domains International, Inc. DBA DomainCostClub.com",16/05/2026 15:15,16/05/2027 15:15,26/09/2026 01:19
d103c0c2-5292-456b-a02a-e471c79cc6cb,diclinous.digital,available,2.98,53.98,low,low,9,namecheap,,,14/08/2026 06:34
d56f36c0-b1ab-4b0a-950f-0098fe76e2c6,mouthfeel.digital,available,2.99,,medium,low,10,name.com,,,
904ab9a1-f8dd-4f70-8e30-709b2cddc81f,berry.digital,resell,,,high,low,5,,,,23/09/2026 10:10
b4db49bf-47f9-42cc-8ae4-a0ea940cc1c6,zaftig.digital,available,2.98,53.98,medium,low,6,namecheap,,,13/09/2026 14:56
f763b408-2a1a-490f-9fc4-edbf307b28af,aristocrat.digital,resell,,,high,low,10,"Sav.com, LLC - 39",27/05/2026 15:16,27/05/2027 15:16,26/09/2026 04:00
a88c8544-b5b1-43f7-9b15-95d9d240e274,unstaged.digital,available,2.98,53.98,medium,low,8,namecheap,,,12/09/2026 20:29
9fd18581-218d-4a65-b737-64fb8f11c807,urgently.digital,available,2.98,53.98,medium,low,8,namecheap,,,14/09/2026 12:07
995c8cd9-ab0a-40c5-b62b-fc0968ff6647,funeral.digital,resell,,,high,low,7,,,,25/09/2026 22:54
3c51d0d6-bc57-4256-b0ca-8b639bd72c0e,scheme.digital,resell,,,high,low,6,"Sav.com, LLC",14/06/2026 13:35,14/06/2027 13:35,25/09/2026 13:47
59933be4-20f0-417f-b28a-d40379fa9698,blarney.digital,available,2.98,53.98,high,medium,7,namecheap,,,12/08/2026 14:21
71bc93c5-c2f0-4d65-aead-d89293a6566f,universally.digital,available,2.99,,high,low,11,name.com,,,
c66cc607-baf6-4347-abcb-b186843fdfda,downcast.digital,available,2.98,53.98,medium,low,8,namecheap,,,14/08/2026 17:33
d2031981-00e8-4bac-ab5d-021cd22f2112,biotin.digital,available,3.99,54.99,high,low,6,name.com,,,23/09/2026 19:07
8ef92660-7c65-4dc8-96d7-b79c50f6ead5,unhealthy.digital,available,2.98,53.98,medium,low,9,namecheap,,,22/08/2026 06:24
652a120b-4844-4a67-94f7-e3a5fbb16a06,neighbours.digital,available,3.49,41.49,medium,low,10,namesilo,,,18/09/2026 07:42
417ac9dc-c4c4-4db3-b7b4-fe78749e7254,colorise.digital,available,2.98,53.98,high,low,8,namecheap,,,12/08/2026 17:36
495a1b01-48d4-47ed-bddb-869a8365c6c3,parent.digital,resell,,,high,low,6,"Sav.com, LLC - 46",24/04/2025 15:16,24/04/2027 15:16,
fd417ad2-1190-4a91-9a20-2f78f8ee2d56,accountants.digital,premium,78.54,78.54,medium,low,11,namesilo,,,20/09/2026 02:26
27177905-af99-4a47-86b3-9b179177af96,incomplete.digital,available,2.98,53.98,high,low,10,namecheap,,,22/08/2026 01:53
375c1e0c-eab9-432e-8645-84fe3a824c4c,abatement.digital,available,3.49,41.49,medium,low,9,namesilo,,,16/09/2026 14:09
1a78248e-5bc2-45ec-83c7-dabaf1bc8866,clyde.digital,resell,,,high,low,5,,,,25/09/2026 04:17
a059f890-1fa5-4f1b-8e13-1781d59c463b,dogtooth.digital,available,2.98,53.98,medium,low,8,namecheap,,,11/08/2026 17:01
be520905-fd47-4fe7-88e1-806cbbea4653,besotted.digital,available,2.98,53.98,medium,low,8,namecheap,,,09/08/2026 15:27
f4730af6-e3f8-4bd2-83e5-1cb2c4bb6cda,locally.digital,resell,,,high,low,7,"Sav.com, LLC - 32",18/12/2025 15:15,18/12/2026 15:15,
0ecdc37d-5ccd-4908-829c-0b2654b4f1e9,disliked.digital,available,2.98,53.98,medium,low,8,namecheap,,,14/08/2026 11:29
57c4db60-acd9-42ac-82fa-9693570f5fd0,basaltic.digital,available,2.98,53.98,medium,low,8,namecheap,,,08/08/2026 21:29
cd4e8681-9b85-49e6-9774-b39d306edfe0,nonprofit.digital,resell,,,high,low,9,"Sav.com, LLC - 49",09/02/2026 15:15,09/02/2027 15:15,03/09/2026 18:33
36e3bfa1-111e-4ee3-be90-448e96c86a94,balsa.digital,available,3.49,41.49,high,low,5,namesilo,,,21/09/2026 23:56
7eedb5fb-4e88-416c-ad83-6d2cb0e430f8,coastwise.digital,available,2.98,53.98,medium,low,9,namecheap,,,12/08/2026 14:12
acd2d6c0-7ee3-4dd0-99de-579ead0afd3e,unreadable.digital,available,2.98,53.98,medium,low,10,namecheap,,,22/08/2026 02:25
55bbedd1-35b5-498c-9fc9-43c69a59e58c,terribly.digital,available,3.49,41.49,medium,low,8,namesilo,,,22/09/2026 15:23
0f9ccc75-1687-4611-9c86-36cff3d2a112,knockout.digital,resell,,,high,low,8,"Sav.com, LLC",14/10/2020 12:22,14/10/2026 12:22,22/08/2026 16:37
27aca4cb-a7c5-40b2-8a1b-f3e2bc3113dc,yield.digital,resell,,,high,low,5,"Sav.com, LLC - 34",01/03/2026 15:15,01/03/2027 15:15,
fa83aafb-3d29-4248-896c-73ff0d522ae0,playfully.digital,available,2.98,53.98,high,low,9,namecheap,,,15/09/2026 20:25
c71ee2e3-d22f-4152-a881-fe4957727b9e,focussed.digital,available,2.98,53.98,high,low,8,namecheap,,,18/08/2026 09:47
31658c34-535d-4847-b341-ca3a917a1d25,recaptured.digital,available,2.98,53.98,medium,low,10,namecheap,,,18/09/2026 19:20
4740c794-54f8-4c0d-bc74-a4c63e5212ba,spinous.digital,available,2.98,53.98,medium,low,7,namecheap,,,
72bd9429-6122-4445-8ac5-982c811517fb,ballad.digital,available,2.98,53.98,high,low,6,namecheap,,,22/08/2026 21:27
5517bfc0-32d3-4a49-b5bc-dc276782a7d3,frisian.digital,available,2.98,53.98,medium,low,7,namecheap,,,18/08/2026 15:59
96d8f1b7-3be5-4440-82dc-96dec4204784,believing.digital,available,3.49,41.49,high,low,9,namesilo,,,23/09/2026 05:15
f2b22d12-64f1-4de6-8b4a-3c48394075aa,mcmuffin.digital,available,2.99,,high,low,8,name.com,,,
20081dd6-f1dd-4c43-a112-8345c9dedbff,villain.digital,available,2.98,53.98,high,low,7,namecheap,,,21/09/2026 16:58
0e485e46-8051-4e15-8e85-3a442b954a7c,donkeywork.digital,available,2.98,53.98,medium,low,10,namecheap,,,08/09/2026 21:22
f5bf0056-6481-4e27-a534-4a32cb854d94,pour.digital,available,2.99,,high,low,4,name.com,,,
4282eb1f-1c38-4b6f-a288-bc3bcee39f46,aiglet.digital,available,2.98,53.98,medium,low,6,namecheap,,,17/09/2026 18:23
821f3ee8-61bb-4067-a892-52d6fa70c4f7,resolvable.digital,available,2.99,,high,low,10,name.com,,,
696cd337-8dfd-4fc1-9fec-b546e535cf8d,upended.digital,available,2.98,53.98,medium,low,7,namecheap,,,12/09/2026 23:06
b28ffbad-c0c0-482d-aaa4-84729696af14,decelerate.digital,available,2.98,53.98,medium,low,10,namecheap,,,10/09/2026 11:21
893054fa-1da0-4bcd-b734-64e689b2dcc3,sanction.digital,available,2.98,53.98,high,low,8,namecheap,,,03/09/2026 23:24
cf3c4422-6157-4b40-8193-20bf0c98fa7b,bindable.digital,available,2.98,53.98,medium,low,8,namecheap,,,09/08/2026 23:44
7c1266fc-2cd0-4f92-bef3-5a614f7fb961,money.digital,resell,,,high,medium,5,1API GmbH,21/02/2018 08:04,21/02/2027 08:04,
6131baef-88db-4e50-92c4-f511668a7162,irrelevant.digital,available,3.49,41.49,high,low,10,namesilo,,,25/09/2026 11:28
52ac5777-41dc-4aaf-91ef-894d76b7708a,jena.digital,resell,,,medium,low,4,,,,22/09/2026 15:18
1e372157-0545-4052-b74e-aa165d3c4305,afternoon.digital,available,3.49,41.49,high,low,9,namesilo,,,24/09/2026 08:18
939e5ddb-ac10-435d-a674-353a78a1319a,anechoic.digital,available,2.98,53.98,medium,low,8,namecheap,,,
2107d026-998a-4d2a-9711-1879ea6bc61a,campestral.digital,available,2.98,53.98,medium,low,10,namecheap,,,11/08/2026 16:05
ffe3a6fc-f7fe-4d84-92ea-e2d9f8cb57a0,strapping.digital,available,2.98,53.98,high,low,9,namecheap,,,09/08/2026 08:02
466ac6ce-a18d-48ef-950a-97e6d3fa6fec,loosely.digital,available,2.99,,medium,low,7,name.com,,,
96177f1a-1c1e-4c05-99a7-16da754c76f5,extremely.digital,available,3.49,41.49,high,low,9,namesilo,,,25/09/2026 09:53
c58ac50a-c77f-4635-8242-23614f9c55a7,biochip.digital,available,2.98,53.98,high,low,7,namecheap,,,23/09/2026 17:46
aca476e0-78bc-42b9-ad72-6e1c8b589460,princess.digital,resell,,,high,low,8,"Sav.com, LLC - 2",27/12/2025 15:15,27/12/2026 15:15,
82ef7994-b8f5-4a41-bdfb-da145e29c343,firedog.digital,available,2.98,53.98,medium,low,7,namecheap,,,19/09/2026 04:06
5e30d4b7-4d18-4537-ac01-7d196b2d28c9,treelike.digital,available,2.98,53.98,medium,low,8,namecheap,,,06/08/2026 14:01
83c1f3ad-8ada-4fa1-896a-d27c3d180251,inmate.digital,available,2.98,53.98,medium,low,6,namecheap,,,24/09/2026 18:00
d6bdb59c-c54b-450b-8a2d-99d4c0f955f7,prostitute.digital,available,3.99,54.99,high,low,10,name.com,,,13/08/2026 14:11
d14536ec-5240-49ff-beeb-79cc562583b3,acerbity.digital,available,3.49,41.49,medium,low,8,namesilo,,,16/09/2026 23:41
f2e1d460-5f9f-45bc-9a5b-6332d03cf452,bisque.digital,available,3.49,41.49,high,low,6,namesilo,,,23/09/2026 22:05
a14e00f8-3661-416a-a58a-fe0dbed9668d,lax.digital,premium,64.35,128.7,high,low,3,namecheap,,,22/08/2026 21:22
f7fd0e6f-9acf-4ce9-9e6d-a2ffa5b549e8,acrylic.digital,available,3.99,54.99,high,low,7,name.com,,,17/09/2026 04:05
6dd52fc9-4735-4530-97fa-9c5725f41cd7,topped.digital,available,2.98,53.98,medium,low,6,namecheap,,,11/09/2026 17:53
36b8dd0f-cbca-4178-9231-14289bc27808,adsorbent.digital,available,2.98,53.98,medium,low,9,namecheap,,,
331bcc4d-87d9-42c1-930c-f009631c8ac5,sevener.digital,available,2.98,53.98,medium,low,7,namecheap,,,
bfb1a996-b943-4c4c-888c-25229b03328f,peking.digital,available,3.49,41.49,high,low,6,namesilo,,,23/09/2026 04:13
aedf8a27-f455-4350-87c3-28c484298d29,wimpy.digital,available,2.98,53.98,medium,low,5,namecheap,,,13/09/2026 12:06
67cee01b-35d1-4849-b460-f052fc86450c,alienor.digital,available,3.49,41.49,medium,low,7,namesilo,,,18/09/2026 07:41
be09bcb7-af3c-426c-822c-9bd6d5305944,shadow.digital,resell,,,high,low,6,Dynadot Inc,04/03/2020 06:22,04/03/2027 06:22,
b0c042a5-d3a8-4853-96b8-afc669905fde,geographic.digital,available,2.98,53.98,high,low,10,namecheap,,,18/08/2026 22:27
87fd3cb7-9485-4972-b8c7-b7fac72f1bb9,slicked.digital,available,2.98,53.98,medium,low,7,namecheap,,,08/09/2026 20:52
19655a7b-52c9-4042-b9bd-924151c66bc8,rabid.digital,available,2.98,53.98,medium,low,5,namecheap,,,17/08/2026 21:52
2064fad2-a6d2-4581-b793-7aba2ac3a42c,insidious.digital,available,2.98,53.98,medium,low,9,namecheap,,,22/08/2026 07:05
c9798a72-b277-45a9-9af4-8154d79257df,campaign.digital,resell,,,high,low,8,Porkbun LLC,12/02/2020 13:01,12/02/2027 13:01,
43dbb6b5-8ddd-4816-b658-413a03d8d60d,unlikeable.digital,available,2.98,53.98,medium,low,10,namecheap,,,12/09/2026 00:56
2a19f42e-dbbd-4e9c-a8e6-f2d62833f396,sectional.digital,available,2.98,53.98,medium,low,9,namecheap,,,10/09/2026 01:18
a70cd592-b8c2-45d6-ba79-98a901259d08,gita.digital,resell,,,high,low,4,,,,23/09/2026 12:33
46c339de-4ee2-4bf7-8096-6033b38adf59,glaswegian.digital,available,2.98,53.98,medium,low,10,namecheap,,,20/08/2026 14:14
717b284f-27bb-488a-a002-845ee4ce31fa,condemn.digital,available,2.99,41.49,medium,low,7,namesilo,,,
813c37a8-2168-4cc7-990c-3e1cf1ef564a,ephemeron.digital,available,2.98,53.98,medium,low,9,namecheap,,,17/08/2026 10:22
7f3586ac-c039-43fa-b3c1-8179eec54b3c,hepatic.digital,available,2.98,53.98,medium,low,7,namecheap,,,21/08/2026 06:47
b801bce5-d08d-4965-b85e-7332150c85fb,anglophobe.digital,available,3.49,41.49,medium,low,10,namesilo,,,19/09/2026 06:55
462b6c1d-d5a3-445f-8ce6-1939a8ceef15,shabby.digital,available,2.98,53.98,medium,low,6,namecheap,,,25/08/2026 06:58
65deb2d5-0bc7-424c-ad93-ff33bce7e928,time.digital,resell,,,high,medium,4,"Spaceship, Inc.",04/04/2020 02:02,04/04/2027 02:02,25/09/2026 04:14
a623dbb4-b03a-4cf6-990c-b3dbb05141ee,wailing.digital,available,2.98,53.98,medium,low,7,namecheap,,,22/08/2026 19:04
189840c2-d615-4540-9b52-9f004e82598a,coeval.digital,available,2.98,53.98,medium,low,6,namecheap,,,12/08/2026 15:28
e67ecea3-5226-4d61-909e-4ceea75aa923,sundress.digital,available,2.99,,high,low,8,name.com,,,
e211a59a-7438-4dc4-ae22-2eb692b3428c,polemical.digital,available,2.98,53.98,medium,low,9,namecheap,,,08/09/2026 22:53
9c134c53-f106-4cce-8f76-e6136adaaeea,dormy.digital,available,2.98,53.98,medium,low,5,namecheap,,,14/08/2026 16:22
81ae4f98-96a8-4997-bb61-2b6015c7942c,cannot.digital,available,2.99,41.49,high,low,6,namesilo,,,
147276c5-0d5b-4722-9992-84c7831fa474,ionized.digital,available,2.98,53.98,high,low,7,namecheap,,,22/08/2026 09:31
b4c72817-c65b-46d4-b0ea-d75824ef74e5,weighty.digital,available,2.98,53.98,medium,low,7,namecheap,,,12/08/2026 15:37
a2674a00-facd-493a-b1bf-9cf5aaa43723,melville.digital,available,3.49,41.49,high,low,8,namesilo,,,25/09/2026 07:18
f81c0bfa-c3ca-4478-9690-1ae146d84029,kill.digital,resell,,,high,low,4,Dynadot Inc,15/02/2026 17:00,15/02/2027 17:00,24/09/2026 11:57
135d2ac2-bcee-4aaf-b939-53d000c6de01,bellyache.digital,available,2.98,53.98,medium,low,9,namecheap,,,23/09/2026 00:26
1b33742a-fc00-42ab-9ff2-83d0e271afef,burns.digital,premium,78.54,78.54,high,low,5,namesilo,,,25/09/2026 03:46
96abd2b0-c20c-4ef1-93d1-d028b1eebf57,hedged.digital,resell,,,medium,low,6,"NameCheap, Inc.",07/02/2025 16:23,07/02/2028 16:23,21/08/2026 05:50
67546f17-706e-4ce0-b0a4-59757608a0e3,andrena.digital,available,3.49,41.49,medium,low,7,namesilo,,,19/09/2026 04:31
c783d55f-e649-45b7-a6ec-b3f1b5a09243,anatomic.digital,available,2.98,53.98,medium,low,8,namecheap,,,
0aaee2cc-30f1-4f06-bdc6-6fa30a950ca2,surprise.digital,resell,,,high,low,8,"Sav.com, LLC - 28",01/02/2026 15:15,01/02/2027 15:15,
353b80dc-47a6-4df7-a7a2-8faecb6edd8f,wildly.digital,available,3.49,41.49,medium,low,6,namesilo,,,16/09/2026 11:29
9aa3fe62-cb26-4cbf-9b7b-3409085c6751,simpler.digital,resell,,,high,low,7,"Spaceship, Inc.",20/01/2026 19:24,20/01/2027 19:24,
7800fe3f-395e-4903-9ac8-8dda55610d00,acervulus.digital,available,2.98,53.98,medium,low,9,namecheap,,,16/09/2026 23:44
4b694184-1c2c-40d5-a8c9-d2c86ee4149f,rigour.digital,available,3.49,41.49,medium,low,6,namesilo,,,20/09/2026 14:57
221bc7bf-69f6-4c57-822e-8a5b9a2637bf,rim.digital,premium,78.54,78.54,high,low,3,namesilo,,,24/09/2026 10:31
2c56a852-f0fc-4ae3-b9d4-642e49c7d323,vehicles.digital,resell,,,medium,low,8,,,,16/09/2026 11:23
1b6e5825-941a-4bb6-b665-6be1643f638e,heavyset.digital,available,2.98,53.98,medium,low,8,namecheap,,,21/08/2026 05:31
ad04c21c-8319-4443-9868-6434c53612a0,showing.digital,available,3.49,41.49,high,low,7,namesilo,,,25/09/2026 10:36
faa081de-31fb-4fa5-a379-4e67666f3399,flint.digital,resell,,,high,low,5,Porkbun LLC,13/01/2020 13:37,13/01/2027 13:37,18/08/2026 08:20
4fe6d1a3-abf4-4370-ac5f-1fe4c4c71786,stop.digital,resell,,,high,low,4,"Sav.com, LLC - 8",22/04/2026 15:15,22/04/2027 15:15,24/09/2026 23:23
d8a3545e-ea2c-43d6-bc9e-6dd5590fef68,passed.digital,available,2.99,,medium,low,6,name.com,,,
74ef806f-64d4-4420-94f7-c3a5e9abdfb8,caption.digital,resell,,,high,low,7,,,,24/09/2026 12:41
f85bcdaa-4cb5-4ba0-833f-bd3fec6276bb,irrational.digital,available,3.49,41.49,high,low,10,namesilo,,,25/09/2026 11:23
dffb9467-b60e-45c4-92fd-aa8d2aa78ef3,rationally.digital,available,2.98,53.98,medium,low,10,namecheap,,,15/09/2026 22:39
8922a705-11de-486f-a8d7-454e9a660083,hundred.digital,available,2.98,53.98,high,low,7,namecheap,,,21/09/2026 11:00
feecfd65-ea52-4619-a307-5e3d18a33339,blackwash.digital,available,3.49,41.49,medium,low,9,namesilo,,,20/09/2026 15:47
615c7e5e-f6e0-4f7d-b72e-313aea82dbb5,vermicular.digital,available,2.98,53.98,medium,low,10,namecheap,,,13/09/2026 02:27
f876995f-b1c4-40ad-a8bf-2f99d6b63dcc,lallygag.digital,available,2.98,53.98,medium,low,8,namecheap,,,11/09/2026 08:33
c6a4ee03-57ad-4920-9387-8a276c589dcb,frank.digital,resell,,,high,medium,5,"Spaceship, Inc.",26/08/2026 19:50,26/08/2027 19:50,08/09/2026 05:07
e1e1af5c-7fc9-4701-915e-782341acfb25,casket.digital,available,2.99,41.49,high,low,6,namesilo,,,
1e79883d-9519-4ec5-8101-4e3e98743101,funds.digital,resell,,,high,low,5,"GoDaddy.com, LLC",01/10/2017 09:54,01/10/2026 09:54,
7a16a4ea-652b-4468-9ed3-de4578cfd403,racial.digital,available,2.98,53.98,high,low,6,namecheap,,,09/09/2026 09:19
59662c79-3824-463d-a640-f4449982baac,agnostical.digital,available,2.98,53.98,medium,low,10,namecheap,,,
9230c204-0626-489e-9650-e32a7c61ffbf,prisoner.digital,available,2.98,53.98,high,low,8,namecheap,,,11/08/2026 18:26
ebe373c1-841e-40bc-a992-844d406151e7,snuggled.digital,available,2.98,53.98,medium,low,8,namecheap,,,03/09/2026 15:48
4c7038d4-9fa4-4cfb-a9ac-dc63919ba112,ramsay.digital,available,3.49,41.49,high,low,6,namesilo,,,25/09/2026 15:54
560e5070-49ca-413d-9079-fed2f5be0afd,beautifully.digital,available,2.99,41.49,high,low,11,namesilo,,,
7f22c5be-c834-473c-bc88-a8f88ffff31c,gulf.digital,resell,,,high,low,4,"Sav.com, LLC - 35",22/06/2025 15:15,22/06/2026 15:15,
00c45dbd-e873-4732-b731-94bb01e9d585,bailor.digital,available,2.98,53.98,medium,low,6,namecheap,,,21/09/2026 19:14
f0a25085-4e9a-4fa2-93a5-03053d100de8,substance.digital,resell,,,high,low,9,"Sav.com, LLC - 16",30/05/2026 15:16,30/05/2027 15:16,14/09/2026 23:41
a1588dd7-b438-4c14-8256-10f3175df1f8,unshoed.digital,available,2.98,53.98,low,low,7,namecheap,,,12/09/2026 19:51
020bd54b-1470-440d-87e7-16c221af9995,considering.digital,available,3.49,41.49,high,low,11,namesilo,,,26/09/2026 03:06
a9de29ca-cf1f-4291-a2cc-dff58b6d4b84,attentions.digital,available,2.98,53.98,medium,low,10,namecheap,,,19/09/2026 21:27
194bc108-e5e4-4b3f-83b5-57fbd1a10216,noisily.digital,available,2.98,53.98,medium,low,7,namecheap,,,15/09/2026 16:46
3c98e9e9-6053-4211-9ca7-e6fa3720eb51,consular.digital,available,2.98,53.98,high,low,8,namecheap,,,12/08/2026 23:02
7207c032-95a0-4014-9603-c3e082c09e6c,humped.digital,available,2.98,53.98,medium,low,6,namecheap,,,13/08/2026 07:40
ebd40e92-bf8b-4545-b86f-147fe855dbd2,asceticism.digital,available,3.49,41.49,high,low,10,namesilo,,,20/09/2026 13:08
e1771b58-7202-407c-afe1-3273bf559e1a,ironed.digital,available,2.98,53.98,medium,low,6,namecheap,,,22/08/2026 10:04
c3c90c88-952e-49e0-83c5-8b9242809d86,enlivened.digital,available,2.98,53.98,high,low,9,namecheap,,,17/08/2026 09:37
d76dd9b9-9fb3-425e-88ca-6acce4e66f59,alienist.digital,available,3.49,41.49,medium,low,8,namesilo,,,18/09/2026 07:40
b3e15611-0ca3-4813-ab8a-48f3106a699e,atavist.digital,available,2.98,53.98,medium,low,7,namecheap,,,11/09/2026 14:58
8089248a-8944-4b8a-811b-264968304684,fill.digital,resell,,,high,low,4,"Sav.com, LLC - 18",23/05/2026 15:15,23/05/2027 15:15,25/09/2026 09:59
b5d2f135-434a-4036-9a54-64a8a3c15267,severity.digital,available,3.49,41.49,medium,low,8,namesilo,,,20/09/2026 14:57
342bba8f-7ec2-4692-9411-2b409e614f5c,decimal.digital,resell,,,high,low,7,"Sav.com, LLC",19/07/2025 10:44,19/07/2027 10:44,13/08/2026 21:27
fedb2b94-a8d8-4543-9310-07eb5dc9e413,bellyful.digital,available,3.49,41.49,medium,low,8,namesilo,,,23/09/2026 06:51
24f4e550-cabc-4220-be86-d8f6679c6310,certainly.digital,available,2.98,53.98,high,low,9,namecheap,,,24/09/2026 21:00
efd2bc67-9d86-48da-a595-5bca38e235d5,operate.digital,resell,,,high,low,7,,,,25/09/2026 06:12
d79a0bbf-20fc-4758-a407-d40e8d0b0970,flips.digital,available,2.98,53.98,medium,low,5,namecheap,,,19/09/2026 20:33
444be14e-7b33-47b1-8acc-7ae4e601a9c8,stannic.digital,available,2.98,53.98,low,low,7,namecheap,,,10/09/2026 18:41
7099cea2-4f63-4475-80c3-861ae8d52f45,soh.digital,premium,42.9,85.8,medium,low,3,namecheap,,,16/09/2026 03:36
6501a03b-7052-47ec-8fdd-0cd1b635a245,ardently.digital,available,2.98,53.98,medium,low,8,namecheap,,,13/09/2026 20:41
9aa21cbe-6939-4a39-8374-4da9047d854b,smaller.digital,available,3.49,41.49,high,low,7,namesilo,,,25/09/2026 14:03
dfc1ddf3-b4f0-4217-be07-51a9e9070751,grateful.digital,resell,,,high,low,8,"GoDaddy Corporate Domains, LLC",15/12/2014 21:46,15/12/2026 21:46,20/08/2026 18:22
2183bde0-f759-4b10-becb-fa5f23a8fb18,needing.digital,available,2.99,,high,low,7,name.com,,,
99dab012-0014-4e06-81e1-4d87de799b3d,luggage.digital,available,2.99,,high,low,7,name.com,,,